[chromora.in/index.html]
[backblue.gif]
[fade.gif]
[index.html]
[chromora.in/feed/index.html]
[chromora.in/wp-json/oembed/1.0/embed34af.json]
[chromora.in/comments/feed/index.html]
[chromora.in/wp-json/oembed/1.0/embeddf88]
[chromora.in/wp-content/themes/astra/assets/css/minified/main.min3940.css]
[chromora.in/wp-content/plugins/instagram-feed/css/sbi-styles.min6dd4.css]
[chromora.in/wp-content/plugins/elementor/assets/lib/font-awesome/css/all.mineda1.css]
[chromora.in/wp-content/plugins/elementor/assets/lib/font-awesome/css/v4-shims.mineda1.css]
[chromora.in/wp-content/plugins/instagram-feed/vendor/smashballoon/framework/Packages/Blocks/css/sb-elementor8a54.css]
[chromora.in/wp-content/plugins/gutenkit-blocks-addon/build/gutenkit/frontend-common4c49.css]
[chromora.in/wp-content/themes/astra/assets/css/minified/compatibility/woocommerce/woocommerce-layout-grid.min3940.css]
[chromora.in/wp-content/themes/astra/assets/css/minified/compatibility/woocommerce/woocommerce-smallscreen-grid.min3940.css]
[chromora.in/wp-content/themes/astra/assets/css/minified/compatibility/woocommerce/woocommerce-grid.min3940.css]
[chromora.in/wp-content/plugins/popup-builder-block/build/compatibility/frontendbc57.css]
[chromora.in/wp-content/plugins/wpfront-notification-bar/css/wpfront-notification-bar.min8bb8.css]
[chromora.in/wp-content/plugins/ajax-search-for-woocommerce/assets/css/style.mina382.css]
[chromora.in/wp-content/plugins/metform/public/assets/lib/cute-alert/styleae82.css]
[chromora.in/wp-content/plugins/metform/public/assets/css/text-editorae82.css]
[chromora.in/wp-content/plugins/wp-ultimate-review/assets/public/css/content-page8d5a.css]
[chromora.in/wp-includes/css/dashicons.minb6ba.css]
[chromora.in/wp-content/plugins/elementor/assets/css/frontend.mineda1.css]
[chromora.in/wp-content/plugins/elementor/assets/css/widget-heading.mineda1.css]
[chromora.in/wp-content/uploads/elementor/css/post-127223.css]
[chromora.in/wp-content/uploads/elementor/css/base-desktop22c9.css]
[chromora.in/wp-content/uploads/elementor/css/local-12-frontend-mobile7330.css]
[chromora.in/wp-includes/js/jquery/jquery.minf43b.js]
[chromora.in/wp-includes/js/jquery/jquery-migrate.min5589.js]
[chromora.in/wp-content/plugins/woocommerce/assets/js/jquery-blockui/jquery.blockUI.min3de0.js]
[chromora.in/wp-content/plugins/elementor/assets/lib/font-awesome/js/v4-shims.mineda1.js]
[chromora.in/wp-content/plugins/woocommerce/assets/js/js-cookie/js.cookie.mine5db.js]
[chromora.in/wp-content/plugins/woocommerce/assets/js/frontend/woocommerce.min9e47.js]
[chromora.in/wp-content/plugins/wpfront-notification-bar/js/wpfront-notification-bar.min8bb8.js]
[chromora.in/wp-content/plugins/wp-ultimate-review/assets/public/script/content-page8d5a.js]
[stats.wp.com/s-202636.js]
[chromora.in/wp-json/wp/v2/pages/12.json]
[chromora.in/wp-json/index.html]
[chromora.in/xmlrpc0db0.php]
[chromora.in/wp-content/plugins/wpfront-notification-bar/images/arrow_down.png]
[chromora.in/wp-content/plugins/wpfront-notification-bar/images/arrow_up.png]
[chromora.in/wp-content/uploads/2026/05/cropped-Photoroom_20251222_105150-120x101.png]
[chromora.in/wp-content/uploads/2026/05/Untitled-1-copy-3-1024x381.png]
[chromora.in/wp-content/uploads/2026/05/logo-samp1.mp4]
[chromora.in/wp-content/plugins/unlimited-elements-for-elementor/assets_libraries/owl-carousel-new/assets/owl.carousel.css]
[chromora.in/product-category/bestsellers/index.html]
[chromora.in/wp-content/uploads/2026/05/img_4695-836x1024.jpg]
[chromora.in/wp-content/uploads/2026/05/IMG_3043-768x1024.jpg]
[chromora.in/shop/index.html]
[chromora.in/wp-content/uploads/2026/05/IMG_4498-768x1024.jpg]
[chromora.in/wp-content/uploads/2026/05/IMG_3032-768x1024.jpg]
[chromora.in/wp-content/uploads/2026/05/img_4694-852x1024.jpg]
[chromora.in/wp-content/uploads/2026/05/IMG_4660-768x1024.jpg]
[chromora.in/wp-content/uploads/2026/05/IMG_3030-768x1024.jpg]
[chromora.in/product-category/rings/index.html]
[chromora.in/product-category/chains/index.html]
[chromora.in/product-category/bracelets/index.html]
[chromora.in/wp-admin/admin-ajax.php]
[chromora.in/wp-content/plugins/woocommerce/assets/client/blocks/wc-blocksf655.css]
[chromora.in/product-category/wallets/index.html]
[chromora.in/wp-content/themes/astra/assets/js/minified/frontend.min3940.js]
[chromora.in/wp-content/plugins/woocommerce/assets/js/frontend/add-to-cart.min9e47.js]
[chromora.in/wp-content/themes/astra/assets/js/minified/mobile-cart.min3940.js]
[chromora.in/wp-content/plugins/metform/public/assets/lib/cute-alert/cute-alertae82.js]
[chromora.in/product-category/belts/index.html]
[chromora.in/wp-includes/js/dist/vendor/wp-polyfill.min2c7c.js]
[chromora.in/wp-content/plugins/jetpack/jetpack_vendor/automattic/woocommerce-analytics/build/woocommerce-analytics-client85bd.js]
[chromora.in/wp-content/plugins/woocommerce/assets/js/sourcebuster/sourcebuster.min9e47.js]
[chromora.in/wp-content/plugins/woocommerce/assets/js/frontend/order-attribution.min9e47.js]
[chromora.in/wp-content/plugins/elementor/assets/js/webpack.runtime.mineda1.js]
[chromora.in/product-category/earrings/index.html]
[chromora.in/wp-content/plugins/elementor/assets/js/frontend-modules.mineda1.js]
[chromora.in/wp-includes/js/jquery/ui/core.minb37e.js]
[chromora.in/wp-content/plugins/elementor/assets/js/frontend.mineda1.js]
[stats.wp.com/e-202636.js]
[chromora.in/product-category/keychains/index.html]
[chromora.in/wp-content/plugins/ajax-search-for-woocommerce/assets/js/search.mina382.js]
[chromora.in/wp-content/plugins/woocommerce/assets/js/frontend/cart-fragments.min9e47.js]
[chromora.in/wp-content/plugins/unlimited-elements-for-elementor/assets_libraries/owl-carousel-new/owl.carousel.min9c6b.js]
[chromora.in/product-category/combos/index.html]
[chromora.in/wp-json/woocommerce-analytics/v1/track]
[chromora.in/index.html]
[chromora.in/return-replacement-policy/index.html]
[chromora.in/cart/index.html]
[chromora.in/wp-content/themes/astra/assets/css/minified/main.min3940.css]
[chromora.in/track/index.html]
[chromora.in/shipping-policy/index.html]
[chromora.in/privacy-policy-2/index.html]
[chromora.in/contact-us/index.html]
[chromora.in/product-category/ch/index.html]
[chromora.in/wp-content/plugins/instagram-feed/img/sbi-sprite.png]
[chromora.in/wp-content/plugins/instagram-feed/css/sbi-styles.min6dd4.css]
[chromora.in/product-category/caps/index.html]
[chromora.in/product-category/shades/index.html]
[chromora.in/wp-content/plugins/elementor/assets/lib/font-awesome/webfonts/fa-brands-400.eot]
[chromora.in/product/revenant-ring/index.html]
[chromora.in/wp-content/plugins/elementor/assets/lib/font-awesome/webfonts/fa-brands-400d41d.eot]
[chromora.in/wp-content/plugins/elementor/assets/lib/font-awesome/webfonts/fa-brands-400.woff2]
[chromora.in/wp-content/plugins/elementor/assets/lib/font-awesome/webfonts/fa-brands-400.woff]
[chromora.in/wp-content/plugins/elementor/assets/lib/font-awesome/webfonts/fa-brands-400.ttf]
[chromora.in/wp-content/plugins/elementor/assets/lib/font-awesome/webfonts/fa-brands-400.svg]
[chromora.in/wp-content/plugins/elementor/assets/lib/font-awesome/webfonts/fa-regular-400.eot]
[chromora.in/wp-content/plugins/elementor/assets/lib/font-awesome/webfonts/fa-regular-400d41d.eot]
[chromora.in/indexb0c6.html]
[chromora.in/wp-content/plugins/elementor/assets/lib/font-awesome/webfonts/fa-regular-400.woff2]
[chromora.in/product/ch-chunky-bracelet/index.html]
[chromora.in/wp-content/plugins/elementor/assets/lib/font-awesome/webfonts/fa-regular-400.woff]
[chromora.in/wp-content/plugins/elementor/assets/lib/font-awesome/webfonts/fa-regular-400.ttf]
[chromora.in/wp-content/plugins/elementor/assets/lib/font-awesome/webfonts/fa-regular-400.svg]
[chromora.in/wp-content/plugins/elementor/assets/lib/font-awesome/webfonts/fa-solid-900.eot]
[chromora.in/wp-content/plugins/elementor/assets/lib/font-awesome/webfonts/fa-solid-900d41d.eot]
[chromora.in/wp-content/plugins/elementor/assets/lib/font-awesome/webfonts/fa-solid-900.woff2]
[chromora.in/wp-content/plugins/elementor/assets/lib/font-awesome/webfonts/fa-solid-900.woff]
[chromora.in/indexcdf5.html]
[chromora.in/wp-content/plugins/elementor/assets/lib/font-awesome/webfonts/fa-solid-900.ttf]
[chromora.in/wp-content/plugins/elementor/assets/lib/font-awesome/css/all.mineda1.css]
[chromora.in/wp-content/plugins/elementor/assets/lib/font-awesome/css/v4-shims.mineda1.css]
[chromora.in/wp-content/plugins/elementor/assets/lib/font-awesome/webfonts/fa-solid-900.svg]
[chromora.in/wp-content/plugins/instagram-feed/vendor/smashballoon/framework/Packages/Blocks/css/sb-elementor8a54.css]
[chromora.in/product/ch-belt-1/index.html]
[chromora.in/product/ch-metal-wallet/index.html]
[chromora.in/wp-content/plugins/gutenkit-blocks-addon/build/gutenkit/frontend-common4c49.css]
[chromora.in/indexbb2b.html]
[chromora.in/product/barbed-ring/index.html]
[chromora.in/indexbcbf.html]
[chromora.in/wp-content/themes/astra/assets/css/minified/compatibility/woocommerce/woocommerce-layout-grid.min3940.css]
[chromora.in/product/ch-fleur-iced-neckpiece/index.html]
[chromora.in/index1179.html]
[chromora.in/wp-content/themes/astra/assets/css/minified/compatibility/woocommerce/woocommerce-smallscreen-grid.min3940.css]
[chromora.in/product/ch-fleur-bracelet/index.html]
[chromora.in/indexba26.html]
[chromora.in/index1a47.html]
[chromora.in/wp-content/plugins/woocommerce/assets/fonts/star.woff]
[chromora.in/wp-content/plugins/woocommerce/assets/fonts/WooCommerce.woff]
[chromora.in/wp-content/themes/astra/assets/css/minified/compatibility/woocommerce/woocommerce-grid.min3940.css]
[chromora.in/wp-content/plugins/popup-builder-block/build/compatibility/frontendbc57.css]
[chromora.in/wp-content/plugins/wpfront-notification-bar/css/wpfront-notification-bar.min8bb8.css]
[chromora.in/wp-content/plugins/ajax-search-for-woocommerce/assets/css/style.mina382.css]
[chromora.in/wp-content/plugins/metform/public/assets/lib/cute-alert/styleae82.css]
[chromora.in/wp-content/plugins/metform/public/assets/css/text-editorae82.css]
[chromora.in/wp-content/plugins/wp-ultimate-review/assets/public/css/content-page8d5a.css]
[chromora.in/wp-includes/css/dashicons.minb6ba.css]
[chromora.in/wp-content/plugins/elementor/assets/css/frontend.mineda1.css]
[chromora.in/wp-content/plugins/elementor/assets/css/widget-heading.mineda1.css]
[chromora.in/wp-content/plugins/elementor/assets/lib/animations/styles/fadeInRight.mineda1.css]
[chromora.in/wp-content/uploads/elementor/css/post-127223.css]
[chromora.in/wp-content/uploads/elementor/css/base-desktop22c9.css]
[chromora.in/wp-content/uploads/elementor/css/local-12-frontend-mobile7330.css]
[chromora.in/wp-includes/js/jquery/jquery.minf43b.js]
[chromora.in/wp-includes/js/jquery/jquery-migrate.min5589.js]
[chromora.in/wp-content/plugins/woocommerce/assets/js/jquery-blockui/jquery.blockUI.min3de0.js]
[chromora.in/wp-content/plugins/elementor/assets/lib/font-awesome/js/v4-shims.mineda1.js]
[chromora.in/wp-content/plugins/woocommerce/assets/js/js-cookie/js.cookie.mine5db.js]
[chromora.in/wp-content/plugins/woocommerce/assets/js/frontend/woocommerce.min9e47.js]
[chromora.in/wp-content/plugins/wpfront-notification-bar/js/wpfront-notification-bar.min8bb8.js]
[chromora.in/wp-content/plugins/wp-ultimate-review/assets/public/script/content-page8d5a.js]
[chromora.in/product/ch-wall-decor-white/index.html]
[chromora.in/product-category/bestsellers/index.html]
[chromora.in/product/star2k-neckpiece/index.html]
[chromora.in/product/ch-cigg-x-card-holder/index.html]
[chromora.in/product/ch-white-wallet/index.html]
[chromora.in/product/ch-glasses-1-shades/index.html]
[chromora.in/shop/index.html]
[chromora.in/product/skullncross-neckpiece/index.html]
[chromora.in/product/tribalspun-neckpiece/index.html]
[chromora.in/product/dragonthorne-neckpiece/index.html]
[chromora.in/product/triple-crimson-cap/index.html]
[chromora.in/product/ch-veilfloral-cap/index.html]
[chromora.in/product-category/rings/index.html]
[chromora.in/product/ch-hellokitty-neckpiece/index.html]
[stats.wp.com/s-202635.js]
[chromora.in/product-category/chains/index.html]
[stats.wp.com/e-202635.js]
[chromora.in/product-category/bestsellers/page/2/index.html]
[chromora.in/product/ch-iced-neckpiece/index.html]
[chromora.in/product-category/bestsellers/page/3/index.html]
[chromora.in/product-category/bestsellers/page/4/index.html]
[chromora.in/product-category/bracelets/index.html]
[chromora.in/product/ch-cigg-cash-case-2/index.html]
[chromora.in/product/ch-sword-lighter/index.html]
[chromora.in/product-category/wallets/index.html]
[chromora.in/product/ch-horseshoe-lighter/index.html]
[chromora.in/product-category/belts/index.html]
[chromora.in/product/ch-crossbound-bracelet/index.html]
[chromora.in/product-category/earrings/index.html]
[chromora.in/product/ch-glasses-2/index.html]
[chromora.in/product/ch-belt-5/index.html]
[chromora.in/product-category/keychains/index.html]
[chromora.in/product/ch-belt-4/index.html]
[chromora.in/product-category/combos/index.html]
[chromora.in/product/ch-belt-3/index.html]
[chromora.in/product/hellbound-jeanchain-neckpiece/index.html]
[chromora.in/cart/index.html]
[chromora.in/product/astral-neckpiece/index.html]
[chromora.in/track/index.html]
[chromora.in/product/saintfall-bracelet/index.html]
[chromora.in/shop/page/2/index.html]
[chromora.in/shop/page/3/index.html]
[chromora.in/shipping-policy/index.html]
[chromora.in/shop/page/4/index.html]
[chromora.in/shop/page/10/index.html]
[chromora.in/return-replacement-policy/index.html]
[chromora.in/shop/page/11/index.html]
[chromora.in/shop/page/12/index.html]
[chromora.in/privacy-policy-2/index.html]
[chromora.in/product/starfall-ring/index.html]
[chromora.in/contact-us/index.html]
[chromora.in/product/ch-mural-ring/index.html]
[chromora.in/product-category/ch/index.html]
[chromora.in/product-category/caps/index.html]
[chromora.in/product/razorbone-ring/index.html]
[chromora.in/product-category/shades/index.html]
[chromora.in/product/starborn-ring/index.html]
[chromora.in/wp-content/plugins/unlimited-elements-for-elementor/assets_libraries/owl-carousel-new/assets/owl.carousel.css]
[chromora.in/product/nova-ring/index.html]
[chromora.in/product/oracle-ring/index.html]
[chromora.in/wp-content/plugins/woocommerce/assets/css/photoswipe/photoswipe.min9e47.css]
[chromora.in/wp-content/plugins/woocommerce/assets/css/photoswipe/default-skin/default-skin.min9e47.css]
[chromora.in/wp-content/plugins/flexible-product-fields/assets/css/front.min49fa.css]
[chromora.in/wp-content/plugins/flexible-product-fields/assets/css/new-front49fa.css]
[chromora.in/wp-content/plugins/woocommerce/assets/js/zoom/jquery.zoom.min9542.js]
[chromora.in/wp-content/plugins/woocommerce/assets/js/flexslider/jquery.flexslider.mina6f8.js]
[chromora.in/wp-content/plugins/woocommerce/assets/js/photoswipe/photoswipe.mincc75.js]
[chromora.in/product/eclipse-ring/index.html]
[chromora.in/wp-content/plugins/woocommerce/assets/js/photoswipe/photoswipe-ui-default.mincc75.js]
[chromora.in/wp-content/plugins/woocommerce/assets/js/frontend/single-product.min9e47.js]
[chromora.in/wp-content/plugins/flexible-product-fields/assets/js/fpf_product.min49fa.js]
[chromora.in/product/twinstar-ring/index.html]
[chromora.in/wp-includes/js/comment-reply.minb6ba.js]
[chromora.in/wp-content/plugins/flexible-product-fields/assets/js/new-front49fa.js]
[chromora.in/product/revenant-ring/index.html]
[chromora.in/product/voidlace-ring/index.html]
[chromora.in/indexb0c6.html]
[chromora.in/product/pentra-ring/index.html]
[chromora.in/product/obsidian-ring/index.html]
[chromora.in/product/ch-chunky-bracelet/index.html]
[chromora.in/product/wraith-ring/index.html]
[chromora.in/indexcdf5.html]
[chromora.in/product-category/rings/page/2/index.html]
[chromora.in/product-category/rings/page/3/index.html]
[chromora.in/product-category/rings/page/4/index.html]
[chromora.in/product/ch-belt-1/index.html]
[chromora.in/product-category/rings/page/5/index.html]
[chromora.in/indexbb2b.html]
[chromora.in/product-category/chains/neckchains/index.html]
[chromora.in/product-category/chains/chokers/index.html]
[chromora.in/product-category/chains/jeanchains/index.html]
[chromora.in/product/ch-metal-wallet/index.html]
[chromora.in/indexbcbf.html]
[chromora.in/product/ch-leaf-bracelet/index.html]
[chromora.in/product/ch-bloom-bracelet-2/index.html]
[chromora.in/product/ch-totem-bracelet/index.html]
[chromora.in/product/ch-beads-bracelet/index.html]
[chromora.in/product/ch-dice-bracelet/index.html]
[chromora.in/product/ch-bloom-bracelet/index.html]
[chromora.in/product/ch-bloom-2-2/index.html]
[chromora.in/wp-content/uploads/2026/05/Screenshot-2026-05-17-at-4.52.32-PM-300x300.png]
[chromora.in/wp-content/uploads/2026/05/img_4787-300x300.jpg]
[chromora.in/product/barbed-ring/index.html]
[chromora.in/product/ch-leather-wallet/index.html]
[chromora.in/product/ch-chain-wallet/index.html]
[chromora.in/index1179.html]
[chromora.in/product/ch-belt-2/index.html]
[chromora.in/product/ch-fleur-iced-neckpiece/index.html]
[chromora.in/indexba26.html]
[chromora.in/product/spiked-earring/index.html]
[chromora.in/product/moon-earcuff/index.html]
[chromora.in/product/ch-fleur-bracelet/index.html]
[chromora.in/product/starcore-earcuff/index.html]
[chromora.in/index1a47.html]
[chromora.in/wp-admin/admin-ajax.html]
[chromora.in/wp-content/plugins/woocommerce/assets/client/blocks/wc-blocksf655.css]
[chromora.in/product/ch-studs-3/index.html]
[chromora.in/product/ch-overhaul-carabiner/index.html]
[chromora.in/wp-content/themes/astra/assets/js/minified/frontend.min3940.js]
[chromora.in/product/ch-studs-2/index.html]
[chromora.in/product/ch-studs-1/index.html]
[chromora.in/wp-content/plugins/woocommerce/assets/js/frontend/add-to-cart.min9e47.js]
[chromora.in/product/marlboro-red-keychain-carabiner/index.html]
[chromora.in/wp-content/themes/astra/assets/js/minified/mobile-cart.min3940.js]
[chromora.in/product/diet-coke-keychain-carabiner/index.html]
[chromora.in/product/berserk-keychain/index.html]
[chromora.in/wp-content/plugins/metform/public/assets/lib/cute-alert/cute-alertae82.js]
[chromora.in/wp-includes/js/dist/vendor/wp-polyfill.min2c7c.js]
[chromora.in/wp-content/plugins/jetpack/jetpack_vendor/automattic/woocommerce-analytics/build/woocommerce-analytics-client85bd.js]
[chromora.in/product/ch-fluer-keychain-carabiner/index.html]
[chromora.in/wp-content/plugins/woocommerce/assets/js/sourcebuster/sourcebuster.min9e47.js]
[chromora.in/product/ch-sigil-keychain-carabiner/index.html]
[chromora.in/wp-content/plugins/woocommerce/assets/js/frontend/order-attribution.min9e47.js]
[chromora.in/product/ch-bite-carabiner/index.html]
[chromora.in/product/ch-creed-carabiner/index.html]
[chromora.in/wp-content/plugins/elementor/assets/js/webpack.runtime.mineda1.js]
[chromora.in/product/ch-crux-deu-carabiner/index.html]
[chromora.in/product/white-monster-keychain-carabiner/index.html]
[chromora.in/wp-content/plugins/elementor/assets/js/frontend-modules.mineda1.js]
[chromora.in/wp-includes/js/jquery/ui/core.minb37e.js]
[chromora.in/wp-content/plugins/elementor/assets/js/frontend.mineda1.js]
[chromora.in/wp-content/plugins/ajax-search-for-woocommerce/assets/js/search.mina382.js]
[chromora.in/wp-content/plugins/woocommerce/assets/js/frontend/cart-fragments.min9e47.js]
[chromora.in/wp-content/plugins/unlimited-elements-for-elementor/assets_libraries/owl-carousel-new/owl.carousel.min9c6b.js]
[chromora.in/wp-content/plugins/jetpack/jetpack_vendor/automattic/woocommerce-analytics/build/index.html]
[chromora.in/wp-json/woocommerce-analytics/v1/track.json]
[chromora.in/wp-content/plugins/elementor/assets/lib/font-awesome/webfonts/fa-brands-400.svg]
[chromora.in/wp-content/plugins/elementor/assets/lib/font-awesome/webfonts/fa-regular-400.svg]
[chromora.in/wp-content/plugins/elementor/assets/lib/font-awesome/webfonts/fa-solid-900.svg]
[chromora.in/product/ch-jeanchain-4/index.html]
[chromora.in/wp-content/plugins/woocommerce/assets/fonts/star.html]
[chromora.in/wp-content/plugins/woocommerce/assets/fonts/stard41d.html]
[chromora.in/wp-content/plugins/woocommerce/assets/fonts/star-2.html]
[chromora.in/product-category/ch/page/2/index.html]
[chromora.in/wp-content/plugins/woocommerce/assets/fonts/star-3.html]
[chromora.in/product-category/ch/page/3/index.html]
[chromora.in/product-category/ch/page/4/index.html]
[chromora.in/wp-content/plugins/woocommerce/assets/fonts/WooCommerce.html]
[chromora.in/product-category/ch/page/5/index.html]
[chromora.in/wp-content/plugins/woocommerce/assets/fonts/WooCommerced41d.html]
[chromora.in/wp-content/plugins/woocommerce/assets/fonts/WooCommerce-2.html]
[chromora.in/product-category/ch/page/6/index.html]
[chromora.in/wp-content/plugins/woocommerce/assets/fonts/WooCommerce-3.html]
[chromora.in/wp-content/plugins/woocommerce/assets/images/icons/loader.html]
[chromora.in/wp-content/plugins/woocommerce/assets/css/photoswipe/default-skin/default-skin.html]
[chromora.in/wp-content/plugins/woocommerce/assets/images/icons/credit-cards/visa.html]
[chromora.in/wp-content/plugins/woocommerce/assets/images/icons/credit-cards/mastercard.html]
[chromora.in/wp-content/plugins/woocommerce/assets/images/icons/credit-cards/laser.html]
[chromora.in/wp-content/plugins/woocommerce/assets/images/icons/credit-cards/diners.html]
[chromora.in/wp-content/plugins/woocommerce/assets/images/icons/credit-cards/maestro.html]
[chromora.in/wp-content/plugins/woocommerce/assets/images/icons/credit-cards/jcb.html]
[chromora.in/product/bloodpion-ring/index.html]
[chromora.in/wp-content/plugins/woocommerce/assets/images/icons/credit-cards/amex.html]
[chromora.in/product/grimdeck-ring/index.html]
[chromora.in/wp-content/plugins/woocommerce/assets/images/icons/credit-cards/discover.html]
[chromora.in/product/amethyst-ring/index.html]
[chromora.in/wp-content/plugins/ajax-search-for-woocommerce/assets/img/preloader.html]
[chromora.in/product/reaperwing-ring/index.html]
[chromora.in/wp-includes/fonts/dashicons7d4b.html]
[chromora.in/wp-includes/fonts/dashicons7d4b-2.html]
[chromora.in/product/ch-ty-1/index.html]
[chromora.in/Trident/index.html]
[chromora.in/product-category/bestsellers/feed/index.html]
[chromora.in/product/ch-jeanchain-2/index.html]
[chromora.in/wp-json/wp/v2/product_cat/25.html]
[chromora.in/product/heartbreaker-choker/index.html]
[chromora.in/wp-content/uploads/2026/05/cropped-Photoroom_20251222_105150.html]
[chromora.in/product/ch-cemetry-ring/index.html]
[chromora.in/product/ch-wall-decor-white/index.html]
[chromora.in/wp-content/uploads/2026/08/img_6850-300x300.html]
[chromora.in/product-category/bestsellers/index788a.html]
[chromora.in/product/ch-jeanchain-1/index.html]
[chromora.in/product/ch-neckpiece-3-chains/index.html]
[chromora.in/product/star2k-neckpiece/index.html]
[chromora.in/wp-content/uploads/2026/07/photoroom_20260719_185147-300x300.html]
[chromora.in/product-category/bestsellers/index8c63.html]
[chromora.in/product/noctiflora-ring/index.html]
[chromora.in/product/eagle-ring/index.html]
[chromora.in/product/the-moon-ring/index.html]
[chromora.in/product/ch-cigg-x-card-holder/index.html]
[chromora.in/wp-content/uploads/2026/06/photoroom_20260630_181424-300x300.html]
[chromora.in/product/cross-of-erebros/index.html]
[chromora.in/product/ch-white-wallet/index.html]
[chromora.in/wp-content/uploads/2026/06/photoroom_20260630_181524-300x300.html]
[chromora.in/product/onyx-black-layered-chain/index.html]
[chromora.in/product/ch-glasses-1-shades/index.html]
[chromora.in/wp-content/uploads/2026/06/img_5685-300x300.html]
[chromora.in/product-category/bestsellers/index39d0.html]
[chromora.in/product/skullncross-neckpiece/index.html]
[chromora.in/wp-content/uploads/2026/05/5CACB025-1336-43EE-BB00-40C2CBC86553-300x300.html]
[chromora.in/product/tribalspun-neckpiece/index.html]
[chromora.in/wp-content/uploads/2026/05/IMG_5270-300x300.html]
[chromora.in/product/dragonthorne-neckpiece/index.html]
[chromora.in/wp-content/uploads/2026/05/30EA70F5-7E92-41E5-8388-24829A964FEB-300x300.html]
[chromora.in/product/ch-overhaul-neckpiece/index.html]
[chromora.in/product/triple-crimson-cap/index.html]
[chromora.in/wp-content/uploads/2026/06/img_6062-300x300.html]
[chromora.in/product-category/bestsellers/index3093.html]
[chromora.in/product/red-saint-neckpiece/index.html]
[chromora.in/product/starfall-neckpiece-choker/index.html]
[chromora.in/product/ch-veilfloral-cap/index.html]
[chromora.in/wp-content/uploads/2026/06/img_6057-300x300.html]
[chromora.in/product-category/bestsellers/index3eb4.html]
[chromora.in/product/midnight-flutter-neckpiece/index.html]
[chromora.in/product/ch-ty-2/index.html]
[chromora.in/product/ch-hellokitty-neckpiece/index.html]
[chromora.in/wp-content/uploads/2026/06/CCADF51B-183D-42BB-BA3C-E62E5735825A-Photoroom-300x300.html]
[chromora.in/product-category/bestsellers/index58aa.html]
[chromora.in/product/fangbite-neckpiece-choker/index.html]
[chromora.in/product/ch-iced-neckpiece/index.html]
[chromora.in/wp-content/uploads/2026/06/2436C56E-0452-4DB3-8A05-CE55422752E7-Photoroom-300x300.html]
[chromora.in/product-category/bestsellers/page/2/index.html]
[chromora.in/product-category/bestsellers/page/3/index.html]
[chromora.in/product-category/bestsellers/page/4/index.html]
[chromora.in/product/ch-floral-neckpiece/index.html]
[chromora.in/shop/feed/index.html]
[chromora.in/product/frost-veil-neckpiece/index.html]
[chromora.in/product/ch-cigg-cash-case-2/index.html]
[chromora.in/wp-content/uploads/2026/08/img_8658-300x300.html]
[chromora.in/shop/index41c6.html]
[chromora.in/product/ch-sword-lighter/index.html]
[chromora.in/wp-content/uploads/2026/08/img_8655-300x300.html]
[chromora.in/shop/index4673.html]
[chromora.in/product/ch-double-floral-ring/index.html]
[chromora.in/product/ch-horseshoe-lighter/index.html]
[chromora.in/wp-content/uploads/2026/08/img_8653-300x300.html]
[chromora.in/shop/indexa96b.html]
[chromora.in/shop/index788a.html]
[chromora.in/product/ch-crossbound-bracelet/index.html]
[chromora.in/wp-content/uploads/2026/08/photoroom_20260808_150934-300x300.html]
[chromora.in/product/ch-glasses-2/index.html]
[chromora.in/wp-content/uploads/2026/08/photoroom_20260808_233758-300x300.html]
[chromora.in/shop/indexdfa8.html]
[chromora.in/product-category/glasses/index.html]
[chromora.in/product/ch-belt-5/index.html]
[chromora.in/wp-content/uploads/2026/08/20260805_182313-4-Photoroom-300x300.html]
[chromora.in/shop/index24b3.html]
[chromora.in/product/ch-bloomstone-neckpiece/index.html]
[chromora.in/product/ch-belt-4/index.html]
[chromora.in/wp-content/uploads/2026/08/20260805_182311-3-Photoroom-300x300.html]
[chromora.in/shop/indexa794.html]
[chromora.in/product/ch-chunky-neckpiece/index.html]
[chromora.in/product/ch-belt-3/index.html]
[chromora.in/wp-content/uploads/2026/08/20260805_182318-3-Photoroom-300x300.html]
[chromora.in/shop/index5dec.html]
[chromora.in/product/hellbound-jeanchain-neckpiece/index.html]
[chromora.in/wp-content/uploads/2026/08/20260805_182313-3-Photoroom-300x300.html]
[chromora.in/shop/index4610.html]
[chromora.in/product/hanged-neckpiece/index.html]
[chromora.in/product/astral-neckpiece/index.html]
[chromora.in/wp-content/uploads/2026/08/20260805_182316-8-Photoroom-300x300.html]
[chromora.in/shop/index032a.html]
[chromora.in/product/red-chapel-neckpiece/index.html]
[chromora.in/product/saintfall-bracelet/index.html]
[chromora.in/wp-content/uploads/2026/08/20260805_182314-Photoroom-300x300.html]
[chromora.in/shop/index6749.html]
[chromora.in/shop/page/2/index.html]
[chromora.in/shop/page/3/index.html]
[chromora.in/shop/page/4/index.html]
[chromora.in/wp-content/uploads/2026/05/img_4695-300x300.jpg]
[chromora.in/shop/page/10/index.html]
[chromora.in/shop/page/11/index.html]
[chromora.in/shop/page/12/index.html]
[chromora.in/product-category/rings/feed/index.html]
[chromora.in/wp-json/wp/v2/product_cat/19.html]
[chromora.in/shop/page/5/index.html]
[chromora.in/product/starfall-ring/index.html]
[chromora.in/wp-content/uploads/2026/08/IMG_7810-Photoroom-300x300.html]
[chromora.in/product-category/rings/index3ddb.html]
[chromora.in/product/vanta-ring/index.html]
[chromora.in/product/bolt-ring/index.html]
[chromora.in/product/ch-mural-ring/index.html]
[chromora.in/wp-content/uploads/2026/08/20260805_182311-4-Photoroom-300x300.html]
[chromora.in/product-category/rings/index50e8.html]
[chromora.in/product/ch-jeanchain-3/index.html]
[chromora.in/product/ch-bandana/index.html]
[chromora.in/product/razorbone-ring/index.html]
[chromora.in/wp-content/uploads/2026/08/IMG_7816-Photoroom-300x300.html]
[chromora.in/product-category/rings/indexc5dc.html]
[chromora.in/shop/page/6/index.html]
[chromora.in/product/ch-fleur-ring/index.html]
[chromora.in/product/starborn-ring/index.html]
[chromora.in/wp-content/uploads/2026/08/IMG_7818-Photoroom-300x300.html]
[chromora.in/product-category/rings/index4417.html]
[chromora.in/product/ch-splitfluer-ring/index.html]
[chromora.in/product/ch-de-lis-ring/index.html]
[chromora.in/product/ch-link-ring/index.html]
[chromora.in/product/nova-ring/index.html]
[chromora.in/wp-content/uploads/2026/08/IMG_7821-Photoroom-300x300.html]
[chromora.in/product-category/rings/index792d.html]
[chromora.in/product/ch-horseshoe-ring/index.html]
[chromora.in/product/ch-distortion-ring/index.html]
[chromora.in/product/ch-double-floral-ring-2/index.html]
[chromora.in/product/oracle-ring/index.html]
[chromora.in/wp-content/uploads/2026/08/IMG_7814-Photoroom-300x300.html]
[chromora.in/product-category/rings/indexd740.html]
[chromora.in/product/vv-iced-neckpiece/index.html]
[chromora.in/product/eclipse-ring/index.html]
[chromora.in/wp-content/uploads/2026/08/IMG_7809-Photoroom-300x300.html]
[chromora.in/product-category/rings/index6ec1.html]
[chromora.in/shop/page/7/index.html]
[chromora.in/product/hellbite-ring/index.html]
[chromora.in/shop/page/9/index.html]
[chromora.in/shop/page/8/index.html]
[chromora.in/product/twinstar-ring/index.html]
[chromora.in/wp-content/uploads/2026/08/IMG_7824-Photoroom-300x300.html]
[chromora.in/product-category/rings/index3173.html]
[chromora.in/product/heartened-ring/index.html]
[chromora.in/product/voidlace-ring/index.html]
[chromora.in/wp-content/uploads/2026/08/IMG_7812-Photoroom-300x300.html]
[chromora.in/product-category/rings/index63fa.html]
[chromora.in/product/painloop-ring/index.html]
[chromora.in/product/pentra-ring/index.html]
[chromora.in/wp-content/uploads/2026/08/IMG_7817-Photoroom-300x300.html]
[chromora.in/product-category/rings/indexac44.html]
[chromora.in/product/lionabyss-ring/index.html]
[chromora.in/product/obsidian-ring/index.html]
[chromora.in/wp-content/uploads/2026/08/IMG_7820-Photoroom-300x300.html]
[chromora.in/product-category/rings/index1d6f.html]
[chromora.in/product/off-white-ring/index.html]
[chromora.in/product/wraith-ring/index.html]
[chromora.in/wp-content/uploads/2026/08/IMG_7822-Photoroom-300x300.html]
[chromora.in/product-category/rings/index6727.html]
[chromora.in/product/zerothform-ring/index.html]
[chromora.in/product-category/rings/page/2/index.html]
[chromora.in/product/splitmoon-ring/index.html]
[chromora.in/product-category/rings/page/3/index.html]
[chromora.in/product-category/rings/page/4/index.html]
[chromora.in/product/the-goth-ring/index.html]
[chromora.in/product-category/rings/page/5/index.html]
[chromora.in/product-category/chains/feed/index.html]
[chromora.in/wp-json/wp/v2/product_cat/20.html]
[chromora.in/product/wraithgrip-ring/index.html]
[chromora.in/product-category/chains/neckchains/index.html]
[chromora.in/wp-content/uploads/2026/06/C07D5605-793F-45E8-961A-476D59BF62C0-Photoroom-300x300.html]
[chromora.in/product-category/chains/chokers/index.html]
[chromora.in/wp-content/uploads/2026/06/7466DA68-0434-440C-A000-F78D1432E4B3-Photoroom-300x300.html]
[chromora.in/product/starcore-ring/index.html]
[chromora.in/product-category/chains/jeanchains/index.html]
[chromora.in/wp-content/uploads/2026/05/IMG_3719-300x300.html]
[chromora.in/product-category/bracelets/feed/index.html]
[chromora.in/wp-json/wp/v2/product_cat/27.html]
[chromora.in/product-category/bracelets/index6749.html]
[chromora.in/product/ch-leaf-bracelet/index.html]
[chromora.in/wp-content/uploads/2026/08/photoroom_20260808_002802-300x300.html]
[chromora.in/product/ch-bloom-bracelet-2/index.html]
[chromora.in/wp-content/uploads/2026/08/img_7693-300x300.html]
[chromora.in/product/totem-cross-ring-2/index.html]
[chromora.in/product/y2kfly-ring/index.html]
[chromora.in/product/archangel-ring/index.html]
[chromora.in/product/ch-totem-bracelet/index.html]
[chromora.in/wp-content/uploads/2026/07/photoroom_20260719_174119-300x300.html]
[chromora.in/product/kings-print-ring/index.html]
[chromora.in/product/skell-red-ring/index.html]
[chromora.in/product/totem-cross-ring/index.html]
[chromora.in/product/vanta-sigil-ring/index.html]
[chromora.in/product/raven-skull-ring/index.html]
[chromora.in/product/ch-beads-bracelet/index.html]
[chromora.in/wp-content/uploads/2026/06/photoroom_20260613_205158-300x300.html]
[chromora.in/product/doom-ring/index.html]
[chromora.in/product/vengeancebatman-ring/index.html]
[chromora.in/product/bling-ring/index.html]
[chromora.in/product/ch-dice-bracelet/index.html]
[chromora.in/wp-content/uploads/2026/05/img_4680-300x300.html]
[chromora.in/product/cuban-ring/index.html]
[chromora.in/product/fck-ring/index.html]
[chromora.in/product/ch-bloom-bracelet/index.html]
[chromora.in/wp-content/uploads/2026/05/IMG_3029-300x300.html]
[chromora.in/wp-content/uploads/2026/05/IMG_3030-300x300.html]
[chromora.in/wp-content/uploads/2026/05/IMG_3043-300x300.html]
[chromora.in/product/ch-bloom-2-2/index.html]
[chromora.in/wp-content/uploads/2026/05/IMG_3721-300x300.html]
[chromora.in/product-category/bracelets/index10cd.html]
[chromora.in/product/ch-horseshoe-neckpiece/index.html]
[chromora.in/product/chunkyfloral-neckpiece/index.html]
[chromora.in/product-category/wallets/feed/index.html]
[chromora.in/wp-json/wp/v2/product_cat/21.html]
[chromora.in/product-category/wallets/index41c6.html]
[chromora.in/product-category/chains/neckchains/page/2/index.html]
[chromora.in/product/ch-leather-wallet/index.html]
[chromora.in/wp-content/uploads/2026/05/IMG_3033-300x300.html]
[chromora.in/wp-content/uploads/2026/05/IMG_3032-300x300.html]
[chromora.in/product/ch-chain-wallet/index.html]
[chromora.in/wp-content/uploads/2026/05/IMG_3720-300x300.html]
[chromora.in/product-category/wallets/indexdbb5.html]
[chromora.in/product-category/belts/feed/index.html]
[chromora.in/wp-json/wp/v2/product_cat/26.html]
[chromora.in/product-category/belts/index24b3.html]
[chromora.in/product-category/belts/indexa794.html]
[chromora.in/product-category/belts/index5dec.html]
[chromora.in/product/ch-belt-2/index.html]
[chromora.in/wp-content/uploads/2026/08/20260805_182316-2-Photoroom-300x300.html]
[chromora.in/product-category/belts/indexa0d9.html]
[chromora.in/wp-content/uploads/2026/05/IMG_4498-300x300.html]
[chromora.in/product-category/earrings/feed/index.html]
[chromora.in/wp-json/wp/v2/product_cat/23.html]
[chromora.in/product/spiked-earring/index.html]
[chromora.in/wp-content/uploads/2026/07/img_7460-300x300.html]
[chromora.in/product-category/earrings/index05bb.html]
[chromora.in/product/moon-earcuff/index.html]
[chromora.in/wp-content/uploads/2026/07/photoroom_20260719_182809-300x300.html]
[chromora.in/product-category/earrings/index5642.html]
[chromora.in/product/starcore-earcuff/index.html]
[chromora.in/wp-content/uploads/2026/07/photoroom_20260719_182832-300x300.html]
[chromora.in/product-category/earrings/indexcba7.html]
[chromora.in/product/ch-overhaul-carabiner/index.html]
[chromora.in/wp-content/uploads/2026/07/photoroom_20260705_002227-300x300.html]
[chromora.in/product/ch-studs-3/index.html]
[chromora.in/wp-content/uploads/2026/05/1000526787-300x300.html]
[chromora.in/product/ch-studs-2/index.html]
[chromora.in/wp-content/uploads/2026/05/1000526788-300x300.html]
[chromora.in/product/ch-studs-1/index.html]
[chromora.in/wp-content/uploads/2026/05/1000526789-300x300.html]
[chromora.in/product-category/keychains/feed/index.html]
[chromora.in/wp-json/wp/v2/product_cat/24.html]
[chromora.in/product/marlboro-red-keychain-carabiner/index.html]
[chromora.in/wp-content/uploads/2026/08/photoroom_20260801_181211-300x300.html]
[chromora.in/product-category/keychains/index719b.html]
[chromora.in/product/diet-coke-keychain-carabiner/index.html]
[chromora.in/wp-content/uploads/2026/08/photoroom_20260801_182853-300x300.html]
[chromora.in/product-category/keychains/index6024.html]
[chromora.in/product/berserk-keychain/index.html]
[chromora.in/wp-content/uploads/2026/07/photoroom_20260719_185226-300x300.html]
[chromora.in/product-category/keychains/index44a3.html]
[chromora.in/product/ch-fluer-keychain-carabiner/index.html]
[chromora.in/wp-content/uploads/2026/07/photoroom_20260705_002829-300x300.html]
[chromora.in/product-category/keychains/indexb444.html]
[chromora.in/product/ch-sigil-keychain-carabiner/index.html]
[chromora.in/wp-content/uploads/2026/07/photoroom_20260705_002503-300x300.html]
[chromora.in/product/ch-bite-carabiner/index.html]
[chromora.in/wp-content/uploads/2026/07/photoroom_20260705_002405-1-300x300.html]
[chromora.in/product-category/keychains/indexcf46.html]
[chromora.in/product/ch-creed-carabiner/index.html]
[chromora.in/wp-content/uploads/2026/07/photoroom_20260705_002138-300x300.html]
[chromora.in/product/ch-crux-deu-carabiner/index.html]
[chromora.in/wp-content/uploads/2026/07/photoroom_20260705_002325-300x300.html]
[chromora.in/product/white-monster-keychain-carabiner/index.html]
[chromora.in/wp-content/uploads/2026/06/img_5656-300x300.html]
[chromora.in/product-category/keychains/index94a0.html]
[chromora.in/product-category/combos/feed/index.html]
[chromora.in/wp-json/wp/v2/product_cat/22.html]
[chromora.in/wp-json/oembed/1.0/embed2096.html]
[chromora.in/wp-json/oembed/1.0/embedc7a7.html]
[chromora.in/wp-content/plugins/woocommerce/assets/css/select29e47.html]
[chromora.in/wp-content/plugins/woocommerce/assets/js/frontend/country-select.min9e47.html]
[chromora.in/wp-content/plugins/woocommerce/assets/js/frontend/address-i18n.min9e47.html]
[chromora.in/wp-content/plugins/woocommerce/assets/js/frontend/cart.min9e47.html]
[chromora.in/wp-content/plugins/woocommerce/assets/js/selectWoo/selectWoo.full.min0ebb.html]
[chromora.in/wp-json/wp/v2/pages/6.html]
[chromora.in/index42dc.html]
[chromora.in/wp-json/oembed/1.0/embed0ded.html]
[chromora.in/wp-json/oembed/1.0/embed70f3.html]
[chromora.in/wp-content/plugins/chromora-tracking/assets/css/style8a54.html]
[chromora.in/wp-json/wp/v2/pages/878.html]
[chromora.in/index411c.html]
[chromora.in/wp-content/plugins/chromora-tracking/assets/js/script8a54.html]
[chromora.in/wp-json/oembed/1.0/embede372.html]
[chromora.in/wp-json/oembed/1.0/embed2ec1.html]
[chromora.in/wp-json/wp/v2/pages/285.html]
[chromora.in/indexd0b8.html]
[chromora.in/wp-json/oembed/1.0/embed02d5.html]
[chromora.in/wp-json/oembed/1.0/embed2658.html]
[chromora.in/wp-json/wp/v2/pages/287.html]
[chromora.in/index486a.html]
[chromora.in/wp-json/oembed/1.0/embed440b.html]
[chromora.in/wp-json/oembed/1.0/embed4b95.html]
[chromora.in/wp-json/wp/v2/pages/289.html]
[chromora.in/index8902.html]
[chromora.in/wp-json/oembed/1.0/embeda556.html]
[chromora.in/wp-json/oembed/1.0/embedc5a3.html]
[chromora.in/wp-json/wp/v2/pages/291.html]
[chromora.in/index820e.html]
[chromora.in/product-category/ch/feed/index.html]
[chromora.in/wp-json/wp/v2/product_cat/29.html]
[chromora.in/product-category/ch/index41c6.html]
[chromora.in/product-category/ch/index4673.html]
[chromora.in/product-category/ch/indexa96b.html]
[chromora.in/product-category/ch/index788a.html]
[chromora.in/product-category/ch/indexdfa8.html]
[chromora.in/product-category/ch/index24b3.html]
[chromora.in/product-category/ch/indexa794.html]
[chromora.in/product-category/ch/index5dec.html]
[chromora.in/product-category/ch/index50e8.html]
[chromora.in/product-category/ch/indexa0d9.html]
[chromora.in/product/ch-jeanchain-4/index.html]
[chromora.in/wp-content/uploads/2026/08/1000527461-300x300.html]
[chromora.in/product-category/ch/index42e8.html]
[chromora.in/product-category/ch/page/2/index.html]
[chromora.in/product-category/ch/page/3/index.html]
[chromora.in/product-category/ch/page/4/index.html]
[chromora.in/product-category/ch/page/5/index.html]
[chromora.in/product-category/ch/page/6/index.html]
[chromora.in/product-category/caps/feed/index.html]
[chromora.in/wp-json/wp/v2/product_cat/34.html]
[chromora.in/product-category/caps/index3093.html]
[chromora.in/product-category/caps/index3eb4.html]
[chromora.in/product-category/shades/feed/index.html]
[chromora.in/wp-json/wp/v2/product_cat/35.html]
[chromora.in/product-category/shades/indexdfa8.html]
[chromora.in/product-category/shades/index39d0.html]
[chromora.in/wp-content/plugins/unlimited-elements-for-elementor/assets_libraries/owl-carousel-new/assets/owl.video.play.html]
[chromora.in/product/revenant-ring/feed/index.html]
[chromora.in/wp-json/oembed/1.0/embed1ef6.html]
[chromora.in/wp-json/oembed/1.0/embed2be0.html]
[chromora.in/wp-content/plugins/woocommerce/assets/css/photoswipe/photoswipe.min9e47.css]
[chromora.in/wp-content/plugins/woocommerce/assets/css/photoswipe/default-skin/default-skin.min9e47.css]
[chromora.in/wp-content/plugins/flexible-product-fields/assets/css/front.min49fa.css]
[chromora.in/wp-content/plugins/flexible-product-fields/assets/css/new-front49fa.css]
[chromora.in/wp-content/plugins/woocommerce/assets/js/zoom/jquery.zoom.min9542.js]
[chromora.in/wp-content/plugins/woocommerce/assets/js/flexslider/jquery.flexslider.mina6f8.js]
[chromora.in/wp-content/plugins/woocommerce/assets/js/photoswipe/photoswipe.mincc75.js]
[chromora.in/wp-content/plugins/woocommerce/assets/js/photoswipe/photoswipe-ui-default.mincc75.js]
[chromora.in/wp-content/plugins/woocommerce/assets/js/frontend/single-product.min9e47.js]
[chromora.in/wp-content/plugins/flexible-product-fields/assets/js/fpf_product.min49fa.js]
[chromora.in/wp-json/wp/v2/product/439.html]
[chromora.in/indexfcc0.html]
[chromora.in/wp-content/uploads/2026/05/img_4695.html]
[chromora.in/wp-content/uploads/2026/05/img_4695-600x735.html]
[chromora.in/product/bloodpion-ring/index.html]
[chromora.in/wp-content/uploads/2026/05/img_4696-300x300.html]
[chromora.in/product/revenant-ring/index42d1.html]
[chromora.in/product/grimdeck-ring/index.html]
[chromora.in/wp-content/uploads/2026/05/Screenshot-2026-05-17-at-4.39.41-PM-300x300.html]
[chromora.in/product/revenant-ring/index9949.html]
[chromora.in/product/amethyst-ring/index.html]
[chromora.in/wp-content/uploads/2026/05/Screenshot-2026-05-17-at-4.44.59-PM-300x300.html]
[chromora.in/product/reaperwing-ring/index.html]
[chromora.in/wp-content/uploads/2026/05/Screenshot-2026-05-17-at-4.35.21-PM-300x300.html]
[chromora.in/product/revenant-ring/indexb70b.html]
[chromora.in/wp-includes/js/comment-reply.minb6ba.js]
[chromora.in/wp-content/plugins/flexible-product-fields/assets/js/new-front49fa.js]
[chromora.in/product/ch-chunky-bracelet/feed/index.html]
[chromora.in/wp-json/oembed/1.0/embed0028.html]
[chromora.in/wp-json/oembed/1.0/embed1991.html]
[chromora.in/wp-json/wp/v2/product/150.html]
[chromora.in/index56d6.html]
[chromora.in/wp-content/uploads/2026/05/IMG_3043-scaled.html]
[chromora.in/wp-content/uploads/2026/05/IMG_3043-600x800.html]
[chromora.in/product/ch-ty-1/index.html]
[chromora.in/wp-content/uploads/2026/05/IMG_3051-300x300.html]
[chromora.in/product-category/tie/index.html]
[chromora.in/product/ch-jeanchain-2/index.html]
[chromora.in/product/heartbreaker-choker/index.html]
[chromora.in/wp-content/uploads/2026/05/img_4686-300x300.html]
[chromora.in/product/ch-chunky-bracelet/index34e5.html]
[chromora.in/product/ch-chunky-bracelet/index10cd.html]
[chromora.in/product/ch-belt-1/feed/index.html]
[chromora.in/wp-json/oembed/1.0/embed86a5.html]
[chromora.in/wp-json/oembed/1.0/embedf2a8.html]
[chromora.in/wp-json/wp/v2/product/125.html]
[chromora.in/index5070.html]
[chromora.in/wp-content/uploads/2026/05/IMG_4498-scaled.html]
[chromora.in/wp-content/uploads/2026/05/IMG_4498-600x800.html]
[chromora.in/wp-content/uploads/2026/05/IMG_3717.html]
[chromora.in/wp-content/uploads/2026/05/IMG_3717-600x800.html]
[chromora.in/product/ch-cemetry-ring/index.html]
[chromora.in/wp-content/uploads/2026/05/img_4673-300x300.html]
[chromora.in/product/ch-jeanchain-1/index.html]
[chromora.in/wp-content/uploads/2026/05/IMG_3722-300x300.html]
[chromora.in/product/ch-metal-wallet/feed/index.html]
[chromora.in/wp-json/oembed/1.0/embedb131.html]
[chromora.in/wp-json/oembed/1.0/embed97c0.html]
[chromora.in/wp-json/wp/v2/product/143.html]
[chromora.in/indexdc22.html]
[chromora.in/wp-content/uploads/2026/05/IMG_3032-scaled.html]
[chromora.in/wp-content/uploads/2026/05/IMG_3032-600x800.html]
[chromora.in/product/ch-neckpiece-3-chains/index.html]
[chromora.in/wp-content/uploads/2026/06/img_5642-300x300.html]
[chromora.in/product/ch-metal-wallet/indexaacb.html]
[chromora.in/product/ch-metal-wallet/index94a0.html]
[chromora.in/product/barbed-ring/feed/index.html]
[chromora.in/wp-json/oembed/1.0/embed7f30.html]
[chromora.in/wp-json/oembed/1.0/embed89a0.html]
[chromora.in/wp-json/wp/v2/product/443.html]
[chromora.in/indexe0b1.html]
[chromora.in/wp-content/uploads/2026/05/img_4694.html]
[chromora.in/wp-content/uploads/2026/05/img_4694-600x721.html]
[chromora.in/product/noctiflora-ring/index.html]
[chromora.in/wp-content/uploads/2026/05/img_4692-300x300.html]
[chromora.in/product/barbed-ring/index8b59.html]
[chromora.in/product/eagle-ring/index.html]
[chromora.in/wp-content/uploads/2026/05/Screenshot-2026-05-17-at-4.55.26-PM-300x300.html]
[chromora.in/product/barbed-ring/index389a.html]
[chromora.in/product/the-moon-ring/index.html]
[chromora.in/product/all-eyes-ring/index.html]
[chromora.in/product/ch-fleur-iced-neckpiece/feed/index.html]
[chromora.in/wp-json/oembed/1.0/embed9fdc.html]
[chromora.in/wp-json/oembed/1.0/embed2a30.html]
[chromora.in/wp-json/wp/v2/product/417.html]
[chromora.in/indexb8c6.html]
[chromora.in/wp-content/uploads/2026/05/IMG_4660-scaled.html]
[chromora.in/wp-content/uploads/2026/05/IMG_4660-600x800.html]
[chromora.in/wp-content/uploads/2026/05/IMG_4657-scaled.html]
[chromora.in/wp-content/uploads/2026/05/IMG_4657-600x800.html]
[chromora.in/wp-content/uploads/2026/05/IMG_4658-scaled.html]
[chromora.in/wp-content/uploads/2026/05/IMG_4658-600x800.html]
[chromora.in/product/cross-of-erebros/index.html]
[chromora.in/wp-content/uploads/2026/05/IMG_4649-300x300.html]
[chromora.in/product/ch-fleur-iced-neckpiece/indexaacb.html]
[chromora.in/wp-json/oembed/1.0/embeda43e.html]
[chromora.in/wp-json/oembed/1.0/embeddfac.html]
[chromora.in/wp-json/wp/v2/product/151.html]
[chromora.in/indexe539.html]
[chromora.in/wp-content/uploads/2026/05/IMG_3030-scaled.html]
[chromora.in/wp-content/uploads/2026/05/IMG_3030-600x800.html]
[chromora.in/product/ch-fleur-bracelet/index10cd.html]
[chromora.in/product/onyx-black-layered-chain/index.html]
[chromora.in/wp-content/uploads/2026/05/img_4681-300x300.html]
[chromora.in/cute-alert.html]
[chromora.in/${i}/img/${e}.html]
[chromora.in/Bun/index.html]
[chromora.in/Deno/index.html]
[chromora.in/Node.js/index.html]
[chromora.in/OPR/index.html]
[chromora.in/product/ch-wall-decor-white/feed/index.html]
[chromora.in/wp-json/oembed/1.0/embeda07e.html]
[chromora.in/wp-json/oembed/1.0/embed0e75.html]
[chromora.in/wp-json/wp/v2/product/1587.html]
[chromora.in/index95d2.html]
[chromora.in/wp-content/uploads/2026/08/img_6850-scaled.html]
[chromora.in/wp-content/uploads/2026/08/img_6850-600x800.html]
[chromora.in/wp-content/uploads/2026/08/img_6849-scaled.html]
[chromora.in/wp-content/uploads/2026/08/img_6849-600x800.html]
[chromora.in/product/ch-wall-decor-white/index34e5.html]
[chromora.in/product/ch-wall-decor-white/indexaacb.html]
[chromora.in/product/star2k-neckpiece/feed/index.html]
[chromora.in/wp-json/oembed/1.0/embeda19b.html]
[chromora.in/wp-json/oembed/1.0/embed1abf.html]
[chromora.in/wp-json/wp/v2/product/1389.html]
[chromora.in/index5874.html]
[chromora.in/wp-content/uploads/2026/07/photoroom_20260719_185147.html]
[chromora.in/wp-content/uploads/2026/07/photoroom_20260719_185147-600x800.html]
[chromora.in/product/star2k-neckpiece/indexaacb.html]
[chromora.in/product/ch-cigg-x-card-holder/feed/index.html]
[chromora.in/wp-json/oembed/1.0/embed0f71.html]
[chromora.in/wp-json/oembed/1.0/embed3f7d.html]
[chromora.in/wp-json/wp/v2/product/1241.html]
[chromora.in/index6c69.html]
[chromora.in/wp-content/uploads/2026/06/photoroom_20260630_181424.html]
[chromora.in/wp-content/uploads/2026/06/photoroom_20260630_181424-600x800.html]
[chromora.in/product/ch-cigg-x-card-holder/index10cd.html]
[chromora.in/product/ch-white-wallet/feed/index.html]
[chromora.in/wp-json/oembed/1.0/embed85e9.html]
[chromora.in/wp-json/oembed/1.0/embed9732.html]
[chromora.in/wp-json/wp/v2/product/1239.html]
[chromora.in/indexc3b2.html]
[chromora.in/wp-content/uploads/2026/06/photoroom_20260630_181524.html]
[chromora.in/wp-content/uploads/2026/06/photoroom_20260630_181524-600x800.html]
[chromora.in/product/ch-white-wallet/indexdbb5.html]
[chromora.in/product/ch-glasses-1-shades/feed/index.html]
[chromora.in/wp-json/oembed/1.0/embed8dcb.html]
[chromora.in/wp-json/oembed/1.0/embeda247.html]
[chromora.in/wp-json/wp/v2/product/1112.html]
[chromora.in/index6dbe.html]
[chromora.in/wp-content/uploads/2026/06/img_5685-scaled.html]
[chromora.in/wp-content/uploads/2026/06/img_5685-600x1066.html]
[chromora.in/wp-content/uploads/2026/06/img_5683-scaled.html]
[chromora.in/wp-content/uploads/2026/06/img_5683-600x1066.html]
[chromora.in/wp-content/uploads/2026/06/5bfb48b0-dc83-4fa6-8931-544fe50d15ed.html]
[chromora.in/wp-content/uploads/2026/06/5bfb48b0-dc83-4fa6-8931-544fe50d15ed-600x1066.html]
[chromora.in/product/ch-glasses-1-shades/index10cd.html]
[chromora.in/product/ch-overhaul-neckpiece/index.html]
[chromora.in/wp-content/uploads/2026/06/30485530-0354-4C20-B1AF-E3543576C906-Photoroom-300x300.html]
[chromora.in/product/ch-glasses-1-shades/index142d.html]
[chromora.in/product/ch-glasses-1-shades/indexdbb5.html]
[chromora.in/product/skullncross-neckpiece/feed/index.html]
[chromora.in/wp-json/oembed/1.0/embed6ce6.html]
[chromora.in/wp-json/oembed/1.0/embed87fe.html]
[chromora.in/wp-json/wp/v2/product/1102.html]
[chromora.in/indexc17f.html]
[chromora.in/wp-content/uploads/2026/05/5CACB025-1336-43EE-BB00-40C2CBC86553.html]
[chromora.in/wp-content/uploads/2026/05/5CACB025-1336-43EE-BB00-40C2CBC86553-600x798.html]
[chromora.in/product/red-saint-neckpiece/index.html]
[chromora.in/wp-content/uploads/2026/06/AD564665-9DC3-4C5E-AA0A-466755830421-Photoroom-300x300.html]
[chromora.in/product/starfall-neckpiece-choker/index.html]
[chromora.in/wp-content/uploads/2026/06/2B122BFD-47D3-4DA4-8395-7A492A0C8347-Photoroom-300x300.html]
[chromora.in/product/tribalspun-neckpiece/feed/index.html]
[chromora.in/wp-json/oembed/1.0/embed9892.html]
[chromora.in/wp-json/oembed/1.0/embed123e.html]
[chromora.in/wp-json/wp/v2/product/1101.html]
[chromora.in/index0314.html]
[chromora.in/wp-content/uploads/2026/05/IMG_5270-scaled.html]
[chromora.in/wp-content/uploads/2026/05/IMG_5270-600x800.html]
[chromora.in/product/tribalspun-neckpiece/indexdbb5.html]
[chromora.in/product/dragonthorne-neckpiece/feed/index.html]
[chromora.in/wp-json/oembed/1.0/embed76f9.html]
[chromora.in/wp-json/oembed/1.0/embed5c3f.html]
[chromora.in/wp-json/wp/v2/product/1100.html]
[chromora.in/indexa317.html]
[chromora.in/wp-content/uploads/2026/05/30EA70F5-7E92-41E5-8388-24829A964FEB.html]
[chromora.in/wp-content/uploads/2026/05/30EA70F5-7E92-41E5-8388-24829A964FEB-600x798.html]
[chromora.in/product/midnight-flutter-neckpiece/index.html]
[chromora.in/wp-content/uploads/2026/06/4B24213E-BA5D-4A30-8341-FC38A0F79387-Photoroom-300x300.html]
[chromora.in/product/dragonthorne-neckpiece/indexd9df.html]
[chromora.in/product/triple-crimson-cap/feed/index.html]
[chromora.in/wp-json/oembed/1.0/embedc78a.html]
[chromora.in/wp-json/oembed/1.0/embed3fe3.html]
[chromora.in/wp-json/wp/v2/product/1088.html]
[chromora.in/index784f.html]
[chromora.in/wp-content/uploads/2026/06/img_6062-scaled.html]
[chromora.in/wp-content/uploads/2026/06/img_6062-600x1066.html]
[chromora.in/wp-content/uploads/2026/06/img_6117-scaled.html]
[chromora.in/wp-content/uploads/2026/06/img_6117-600x1066.html]
[chromora.in/wp-content/uploads/2026/06/img_6066-scaled.html]
[chromora.in/wp-content/uploads/2026/06/img_6066-600x1066.html]
[chromora.in/wp-content/uploads/2026/06/img_6064-scaled.html]
[chromora.in/wp-content/uploads/2026/06/img_6064-600x1066.html]
[chromora.in/wp-content/uploads/2026/06/img_6103-scaled.html]
[chromora.in/wp-content/uploads/2026/06/img_6103-600x800.html]
[chromora.in/product/ch-ty-2/index.html]
[chromora.in/wp-content/uploads/2026/05/IMG_3718-300x300.html]
[chromora.in/product/ch-veilfloral-cap/feed/index.html]
[chromora.in/wp-json/oembed/1.0/embed44f9.html]
[chromora.in/wp-json/oembed/1.0/embed6005.html]
[chromora.in/wp-json/wp/v2/product/1082.html]
[chromora.in/indexc141.html]
[chromora.in/wp-content/uploads/2026/06/img_6057-scaled.html]
[chromora.in/wp-content/uploads/2026/06/img_6057-600x1066.html]
[chromora.in/wp-content/uploads/2026/06/img_6054-scaled.html]
[chromora.in/wp-content/uploads/2026/06/img_6054-600x800.html]
[chromora.in/wp-content/uploads/2026/06/img_6058-scaled.html]
[chromora.in/wp-content/uploads/2026/06/img_6058-600x1066.html]
[chromora.in/wp-content/uploads/2026/06/img_6097-scaled.html]
[chromora.in/wp-content/uploads/2026/06/img_6097-600x800.html]
[chromora.in/wp-content/uploads/2026/06/img_6061-scaled.html]
[chromora.in/wp-content/uploads/2026/06/img_6061-600x1066.html]
[chromora.in/wp-content/uploads/2026/06/img_6060-scaled.html]
[chromora.in/wp-content/uploads/2026/06/img_6060-600x1066.html]
[chromora.in/product/fangbite-neckpiece-choker/index.html]
[chromora.in/product/ch-veilfloral-cap/index6878.html]
[chromora.in/product/ch-hellokitty-neckpiece/feed/index.html]
[chromora.in/wp-json/oembed/1.0/embed50c0.html]
[chromora.in/wp-json/oembed/1.0/embedb017.html]
[chromora.in/wp-json/wp/v2/product/1024.html]
[chromora.in/indexf0fa.html]
[chromora.in/wp-content/uploads/2026/06/CCADF51B-183D-42BB-BA3C-E62E5735825A-Photoroom.html]
[chromora.in/wp-content/uploads/2026/06/CCADF51B-183D-42BB-BA3C-E62E5735825A-Photoroom-600x750.html]
[chromora.in/product/ch-hellokitty-neckpiece/indexd9df.html]
[chromora.in/product/ch-hellokitty-neckpiece/indexaacb.html]
[chromora.in/product/ch-iced-neckpiece/feed/index.html]
[chromora.in/wp-json/oembed/1.0/embeddfea.html]
[chromora.in/wp-json/oembed/1.0/embed6463.html]
[chromora.in/wp-json/wp/v2/product/1023.html]
[chromora.in/indexf884.html]
[chromora.in/wp-content/uploads/2026/06/2436C56E-0452-4DB3-8A05-CE55422752E7-Photoroom.html]
[chromora.in/wp-content/uploads/2026/06/2436C56E-0452-4DB3-8A05-CE55422752E7-Photoroom-600x750.html]
[chromora.in/product/ch-floral-neckpiece/index.html]
[chromora.in/product-category/bestsellers/page/2/indexcf6e.html]
[chromora.in/product-category/bestsellers/page/2/index142d.html]
[chromora.in/wp-json/oembed/1.0/embed45b1]
[chromora.in/wp-json/wp/v2/product/1018.json]
[chromora.in/wp-content/uploads/2026/06/1BC50D35-E43E-4D07-AADB-F0C62E1F3712-Photoroom.png]
[chromora.in/wp-content/uploads/2026/06/1BC50D35-E43E-4D07-AADB-F0C62E1F3712-Photoroom-600x750.png]
[chromora.in/product/frost-veil-neckpiece/index.html]
[chromora.in/wp-content/uploads/2026/06/1BC50D35-E43E-4D07-AADB-F0C62E1F3712-Photoroom-300x300.html]
[chromora.in/product-category/bestsellers/page/2/index1a5c.html]
[chromora.in/product-category/bestsellers/page/2/indexd9df.html]
[chromora.in/product-category/bestsellers/page/2/index6878.html]
[chromora.in/product-category/bestsellers/page/2/index94a0.html]
[chromora.in/product-category/bestsellers/page/2/indexaacb.html]
[chromora.in/product-category/bestsellers/page/2/index34e5.html]
[chromora.in/product-category/bestsellers/page/1/index.html]
[chromora.in/product-category/bestsellers/page/3/indexdbb5.html]
[chromora.in/product-category/bestsellers/page/3/index10cd.html]
[chromora.in/product/ch-cigg-cash-case-2/feed/index.html]
[chromora.in/wp-json/oembed/1.0/embedc19c.html]
[chromora.in/wp-json/oembed/1.0/embedbc5c.html]
[chromora.in/wp-json/wp/v2/product/1609.html]
[chromora.in/index1e14.html]
[chromora.in/wp-content/uploads/2026/08/img_8658-scaled.html]
[chromora.in/wp-content/uploads/2026/08/img_8658-600x800.html]
[chromora.in/wp-content/uploads/2026/08/img_8663-scaled.html]
[chromora.in/wp-content/uploads/2026/08/img_8663-600x800.html]
[chromora.in/wp-content/uploads/2026/08/img_8660-scaled.html]
[chromora.in/wp-content/uploads/2026/08/img_8660-600x800.html]
[chromora.in/product/frost-veil-neckpiece/indexcf6e.html]
[chromora.in/product/frost-veil-neckpiece/indexdbb5.html]
[chromora.in/product/frost-veil-neckpiece/indexd9df.html]
[chromora.in/wp-json/oembed/1.0/embed868c.json]
[chromora.in/product/ch-double-floral-ring/feed/index.html]
[chromora.in/wp-json/oembed/1.0/embed6d7a]
[chromora.in/wp-json/wp/v2/product/421.json]
[chromora.in/wp-content/uploads/2026/05/IMG_4669-1.jpg]
[chromora.in/wp-content/uploads/2026/05/IMG_4669-1-600x592.jpg]
[chromora.in/product/ch-double-floral-ring/index.html]
[chromora.in/wp-content/uploads/2026/05/IMG_4669-1-300x300.html]
[chromora.in/wp-content/uploads/2026/05/IMG_4660-300x300.html]
[chromora.in/product/ch-sword-lighter/feed/index.html]
[chromora.in/wp-json/oembed/1.0/embed4b0b.html]
[chromora.in/wp-json/oembed/1.0/embede0da.html]
[chromora.in/wp-json/wp/v2/product/1605.html]
[chromora.in/indexae65.html]
[chromora.in/wp-content/uploads/2026/08/img_8655-scaled.html]
[chromora.in/wp-content/uploads/2026/08/img_8655-600x800.html]
[chromora.in/wp-content/uploads/2026/08/img_8648-scaled.html]
[chromora.in/wp-content/uploads/2026/08/img_8648-600x800.html]
[chromora.in/wp-content/uploads/2026/08/img_8650-scaled.html]
[chromora.in/wp-content/uploads/2026/08/img_8650-600x800.html]
[chromora.in/product-category/lighters/index.html]
[chromora.in/product/ch-sword-lighter/indexaacb.html]
[chromora.in/product/ch-sword-lighter/indexdbb5.html]
[chromora.in/product/ch-horseshoe-lighter/feed/index.html]
[chromora.in/wp-json/oembed/1.0/embed0f89.html]
[chromora.in/wp-json/oembed/1.0/embedca8c.html]
[chromora.in/wp-json/wp/v2/product/1601.html]
[chromora.in/index0bc9.html]
[chromora.in/wp-content/uploads/2026/08/img_8653-scaled.html]
[chromora.in/wp-content/uploads/2026/08/img_8653-600x800.html]
[chromora.in/wp-content/uploads/2026/08/img_8651-scaled.html]
[chromora.in/wp-content/uploads/2026/08/img_8651-600x800.html]
[chromora.in/wp-content/uploads/2026/08/img_8647-scaled.html]
[chromora.in/wp-content/uploads/2026/08/img_8647-600x800.html]
[chromora.in/product/ch-horseshoe-lighter/index10cd.html]
[chromora.in/product/ch-crossbound-bracelet/feed/index.html]
[chromora.in/wp-json/oembed/1.0/embed16fa.html]
[chromora.in/wp-json/oembed/1.0/embed08f8.html]
[chromora.in/wp-json/wp/v2/product/1529.html]
[chromora.in/index0f90.html]
[chromora.in/wp-content/uploads/2026/08/photoroom_20260808_150934.html]
[chromora.in/wp-content/uploads/2026/08/photoroom_20260808_150934-600x800.html]
[chromora.in/wp-content/uploads/2026/08/photoroom_20260808_150839.html]
[chromora.in/wp-content/uploads/2026/08/photoroom_20260808_150839-600x800.html]
[chromora.in/product/ch-crossbound-bracelet/index10cd.html]
[chromora.in/product/ch-crossbound-bracelet/indexdbb5.html]
[chromora.in/product/ch-glasses-2/feed/index.html]
[chromora.in/wp-json/oembed/1.0/embed1355.html]
[chromora.in/wp-json/oembed/1.0/embed45ca.html]
[chromora.in/wp-json/wp/v2/product/1519.html]
[chromora.in/index9eff.html]
[chromora.in/wp-content/uploads/2026/08/photoroom_20260808_233758.html]
[chromora.in/wp-content/uploads/2026/08/photoroom_20260808_233758-600x750.html]
[chromora.in/wp-content/uploads/2026/08/photoroom_20260808_233936.html]
[chromora.in/wp-content/uploads/2026/08/photoroom_20260808_233936-600x800.html]
[chromora.in/wp-content/uploads/2026/08/photoroom_20260808_233853.html]
[chromora.in/wp-content/uploads/2026/08/photoroom_20260808_233853-600x800.html]
[chromora.in/product/ch-double-floral-ring/index14f2.html]
[chromora.in/product/ch-double-floral-ring/index442e.html]
[chromora.in/wp-json/wp/v2/product_cat/36.json]
[chromora.in/product-category/glasses/index.html]
[chromora.in/product/ch-glasses-2/index142d.html]
[chromora.in/product/ch-belt-5/feed/index.html]
[chromora.in/wp-json/oembed/1.0/embed19da.html]
[chromora.in/wp-json/oembed/1.0/embed9dae.html]
[chromora.in/wp-json/wp/v2/product/1515.html]
[chromora.in/index5002.html]
[chromora.in/wp-content/uploads/2026/08/20260805_182313-4-Photoroom.html]
[chromora.in/wp-content/uploads/2026/08/20260805_182313-4-Photoroom-600x750.html]
[chromora.in/product-category/glasses/feed/index.html]
[chromora.in/wp-json/oembed/1.0/embede9aa.json]
[chromora.in/product-category/glasses/indexdfa8.html]
[chromora.in/product/ch-bloomstone-neckpiece/feed/index.html]
[chromora.in/wp-json/oembed/1.0/embedc87f]
[chromora.in/wp-json/wp/v2/product/420.json]
[chromora.in/wp-content/uploads/2026/05/IMG_4653-scaled.jpg]
[chromora.in/wp-content/uploads/2026/05/IMG_4653-600x800.jpg]
[chromora.in/wp-content/uploads/2026/05/IMG_4654-scaled.jpg]
[chromora.in/wp-content/uploads/2026/05/IMG_4654-600x800.jpg]
[chromora.in/product/ch-bloomstone-neckpiece/index.html]
[chromora.in/wp-content/uploads/2026/05/IMG_4653-300x300.html]
[chromora.in/product/ch-belt-4/feed/index.html]
[chromora.in/wp-json/oembed/1.0/embedd9df.html]
[chromora.in/wp-json/oembed/1.0/embed7f07.html]
[chromora.in/wp-json/wp/v2/product/1514.html]
[chromora.in/indexbd8b.html]
[chromora.in/wp-content/uploads/2026/08/20260805_182311-3-Photoroom.html]
[chromora.in/wp-content/uploads/2026/08/20260805_182311-3-Photoroom-600x750.html]
[chromora.in/wp-content/uploads/2026/08/20260805_182316-3-Photoroom.html]
[chromora.in/wp-content/uploads/2026/08/20260805_182316-3-Photoroom-600x750.html]
[chromora.in/product/ch-belt-4/index10cd.html]
[chromora.in/wp-json/oembed/1.0/embedecfc.json]
[chromora.in/product/ch-chunky-neckpiece/feed/index.html]
[chromora.in/wp-json/oembed/1.0/embed6f05]
[chromora.in/wp-json/wp/v2/product/418.json]
[chromora.in/wp-content/uploads/2026/05/IMG_4656-scaled.jpg]
[chromora.in/wp-content/uploads/2026/05/IMG_4656-600x800.jpg]
[chromora.in/wp-content/uploads/2026/05/IMG_4655-scaled.jpg]
[chromora.in/product/ch-chunky-neckpiece/index.html]
[chromora.in/wp-content/uploads/2026/05/IMG_4655-600x800.jpg]
[chromora.in/wp-content/uploads/2026/05/IMG_4656-300x300.html]
[chromora.in/product/ch-belt-3/feed/index.html]
[chromora.in/wp-json/oembed/1.0/embeda423.html]
[chromora.in/wp-json/oembed/1.0/embedc72a.html]
[chromora.in/wp-json/wp/v2/product/1513.html]
[chromora.in/indexb95d.html]
[chromora.in/wp-content/uploads/2026/08/20260805_182318-3-Photoroom.html]
[chromora.in/wp-content/uploads/2026/08/20260805_182318-3-Photoroom-600x750.html]
[chromora.in/wp-content/uploads/2026/08/20260805_182318-1-Photoroom.html]
[chromora.in/wp-content/uploads/2026/08/20260805_182318-1-Photoroom-600x750.html]
[chromora.in/wp-content/uploads/2026/08/20260805_182318-6-Photoroom.html]
[chromora.in/wp-content/uploads/2026/08/20260805_182318-6-Photoroom-600x750.html]
[chromora.in/product/ch-belt-3/indexa794.html]
[chromora.in/product/hellbound-jeanchain-neckpiece/feed/index.html]
[chromora.in/wp-json/oembed/1.0/embed1836.html]
[chromora.in/wp-json/oembed/1.0/embeda98d.html]
[chromora.in/wp-json/wp/v2/product/1512.html]
[chromora.in/index8e48.html]
[chromora.in/wp-content/uploads/2026/08/20260805_182313-3-Photoroom.html]
[chromora.in/wp-content/uploads/2026/08/20260805_182313-3-Photoroom-600x750.html]
[chromora.in/wp-content/uploads/2026/08/20260805_182311-Photoroom.html]
[chromora.in/wp-content/uploads/2026/08/20260805_182311-Photoroom-600x750.html]
[chromora.in/wp-content/uploads/2026/08/20260805_182314-2-Photoroom.html]
[chromora.in/wp-content/uploads/2026/08/20260805_182314-2-Photoroom-600x750.html]
[chromora.in/product/hellbound-jeanchain-neckpiece/index032a.html]
[chromora.in/product/hellbound-jeanchain-neckpiece/index34e5.html]
[chromora.in/product/ch-chunky-neckpiece/index142d.html]
[chromora.in/wp-json/oembed/1.0/embed5b9c.json]
[chromora.in/product/hanged-neckpiece/feed/index.html]
[chromora.in/wp-json/oembed/1.0/embedec40]
[chromora.in/wp-json/wp/v2/product/1508.json]
[chromora.in/wp-content/uploads/2026/08/20260805_182311-1-Photoroom.png]
[chromora.in/wp-content/uploads/2026/08/20260805_182311-1-Photoroom-600x750.png]
[chromora.in/product/hanged-neckpiece/index.html]
[chromora.in/wp-content/uploads/2026/08/20260805_182311-1-Photoroom-300x300.html]
[chromora.in/product/hellbound-jeanchain-neckpiece/index86f4.html]
[chromora.in/product/hellbound-jeanchain-neckpiece/index8c63.html]
[chromora.in/product/hanged-neckpiece/indexd9df.html]
[chromora.in/product/hanged-neckpiece/index142d.html]
[chromora.in/product/astral-neckpiece/feed/index.html]
[chromora.in/wp-json/oembed/1.0/embed0149.html]
[chromora.in/wp-json/oembed/1.0/embed6b6c.html]
[chromora.in/wp-json/wp/v2/product/1511.html]
[chromora.in/index071e.html]
[chromora.in/wp-content/uploads/2026/08/20260805_182316-8-Photoroom.html]
[chromora.in/wp-content/uploads/2026/08/20260805_182316-8-Photoroom-600x750.html]
[chromora.in/product/hanged-neckpiece/index270e.html]
[chromora.in/wp-json/oembed/1.0/embede395.json]
[chromora.in/product/red-chapel-neckpiece/feed/index.html]
[chromora.in/wp-json/oembed/1.0/embed6ed1]
[chromora.in/wp-json/wp/v2/product/1509.json]
[chromora.in/wp-content/uploads/2026/08/20260805_182313-1-Photoroom.png]
[chromora.in/wp-content/uploads/2026/08/20260805_182313-1-Photoroom-600x750.png]
[chromora.in/product/red-chapel-neckpiece/index.html]
[chromora.in/wp-content/uploads/2026/08/20260805_182313-1-Photoroom-300x300.html]
[chromora.in/product/astral-neckpiece/indexa508.html]
[chromora.in/product/astral-neckpiece/index58aa.html]
[chromora.in/product/astral-neckpiece/index6878.html]
[chromora.in/product/astral-neckpiece/index142d.html]
[chromora.in/product/saintfall-bracelet/feed/index.html]
[chromora.in/wp-json/oembed/1.0/embed78ec.html]
[chromora.in/wp-json/oembed/1.0/embed2aba.html]
[chromora.in/wp-json/wp/v2/product/1510.html]
[chromora.in/index9f53.html]
[chromora.in/wp-content/uploads/2026/08/20260805_182314-Photoroom.html]
[chromora.in/wp-content/uploads/2026/08/20260805_182314-Photoroom-600x750.html]
[chromora.in/shop/page/2/indexa508.html]
[chromora.in/shop/page/2/index86f4.html]
[chromora.in/shop/page/2/index3ddb.html]
[chromora.in/shop/page/2/index50e8.html]
[chromora.in/shop/page/2/indexc5dc.html]
[chromora.in/shop/page/2/index4417.html]
[chromora.in/shop/page/2/index792d.html]
[chromora.in/shop/page/2/indexd740.html]
[chromora.in/shop/page/2/index6ec1.html]
[chromora.in/shop/page/2/index3173.html]
[chromora.in/shop/page/2/index63fa.html]
[chromora.in/shop/page/2/indexac44.html]
[chromora.in/shop/page/1/index.html]
[chromora.in/shop/page/5/index.html]
[chromora.in/product/red-chapel-neckpiece/index6878.html]
[chromora.in/shop/page/3/index1d6f.html]
[chromora.in/product/red-chapel-neckpiece/index032a.html]
[chromora.in/shop/page/3/index6727.html]
[chromora.in/product/red-chapel-neckpiece/index58aa.html]
[chromora.in/shop/page/5/indexcba7.html]
[chromora.in/product/vanta-ring/index.html]
[chromora.in/wp-content/uploads/2026/08/IMG_7823-Photoroom-300x300.html]
[chromora.in/shop/page/3/index7ff3.html]
[chromora.in/product/bolt-ring/index.html]
[chromora.in/wp-content/uploads/2026/08/IMG_7825-Photoroom-300x300.html]
[chromora.in/shop/page/3/index6f3e.html]
[chromora.in/shop/page/3/indexa0d9.html]
[chromora.in/shop/page/3/index42e8.html]
[chromora.in/product/ch-jeanchain-3/index.html]
[chromora.in/wp-content/uploads/2026/08/1000527521-300x300.html]
[chromora.in/shop/page/3/index195d.html]
[chromora.in/product/ch-bandana/index.html]
[chromora.in/wp-content/uploads/2026/08/photoroom_20260804_193823-300x300.html]
[chromora.in/shop/page/3/index5039.html]
[chromora.in/shop/page/3/index719b.html]
[chromora.in/shop/page/3/index6024.html]
[chromora.in/shop/page/6/index.html]
[chromora.in/product/ch-fleur-ring/index.html]
[chromora.in/wp-content/uploads/2026/07/1000527196-300x300.html]
[chromora.in/shop/page/4/index2995.html]
[chromora.in/product/ch-de-lis-ring/index.html]
[chromora.in/wp-content/uploads/2026/07/1000527197-300x300.html]
[chromora.in/shop/page/4/index534d.html]
[chromora.in/product/ch-splitfluer-ring/index.html]
[chromora.in/wp-content/uploads/2026/07/1000527198-300x300.html]
[chromora.in/shop/page/4/index8df4.html]
[chromora.in/product/ch-link-ring/index.html]
[chromora.in/wp-content/uploads/2026/07/1000527194-300x300.html]
[chromora.in/shop/page/4/index3030.html]
[chromora.in/product/ch-distortion-ring/index.html]
[chromora.in/wp-content/uploads/2026/07/1000527193-300x300.html]
[chromora.in/shop/page/4/indexe483.html]
[chromora.in/product/ch-horseshoe-ring/index.html]
[chromora.in/wp-content/uploads/2026/07/1000527195-300x300.html]
[chromora.in/shop/page/4/indexbe6d.html]
[chromora.in/product/ch-double-floral-ring-2/index.html]
[chromora.in/wp-content/uploads/2026/07/1000527199-300x300.html]
[chromora.in/shop/page/4/index5584.html]
[chromora.in/shop/page/4/index8c63.html]
[chromora.in/shop/page/4/index44a3.html]
[chromora.in/product/vv-iced-neckpiece/index.html]
[chromora.in/wp-content/uploads/2026/07/photoroom_20260719_185320-300x300.html]
[chromora.in/shop/page/4/index270e.html]
[chromora.in/shop/page/4/index05bb.html]
[chromora.in/shop/page/4/index5642.html]
[chromora.in/shop/page/7/index.html]
[chromora.in/product/hellbite-ring/index.html]
[chromora.in/wp-content/uploads/2026/05/img_4693-300x300.html]
[chromora.in/shop/page/10/index442e.html]
[chromora.in/shop/page/10/index8b59.html]
[chromora.in/shop/page/10/index34e5.html]
[chromora.in/shop/page/9/index.html]
[chromora.in/shop/page/8/index.html]
[chromora.in/shop/page/11/indexdbb5.html]
[chromora.in/shop/page/12/index10cd.html]
[chromora.in/product/starfall-ring/feed/index.html]
[chromora.in/wp-json/oembed/1.0/embedf9b1.html]
[chromora.in/wp-json/oembed/1.0/embed420e.html]
[chromora.in/wp-json/wp/v2/product/1507.html]
[chromora.in/index39a7.html]
[chromora.in/wp-content/uploads/2026/08/IMG_7810-Photoroom.html]
[chromora.in/wp-content/uploads/2026/08/IMG_7810-Photoroom-600x800.html]
[chromora.in/product/starfall-ring/indexb70b.html]
[chromora.in/product/heartened-ring/index.html]
[chromora.in/wp-content/uploads/2026/05/Screenshot-2026-05-17-at-4.53.55-PM-300x300.html]
[chromora.in/product/starfall-ring/index14f2.html]
[chromora.in/product/ch-mural-ring/feed/index.html]
[chromora.in/wp-json/oembed/1.0/embed5c1e.html]
[chromora.in/wp-json/oembed/1.0/embed8f14.html]
[chromora.in/wp-json/wp/v2/product/1506.html]
[chromora.in/indexf937.html]
[chromora.in/wp-content/uploads/2026/08/20260805_182311-4-Photoroom.html]
[chromora.in/wp-content/uploads/2026/08/20260805_182311-4-Photoroom-600x750.html]
[chromora.in/product/painloop-ring/index.html]
[chromora.in/wp-content/uploads/2026/05/Screenshot-2026-05-17-at-4.33.23-PM-300x300.html]
[chromora.in/product/ch-mural-ring/index14f2.html]
[chromora.in/product/razorbone-ring/feed/index.html]
[chromora.in/wp-json/oembed/1.0/embede728.html]
[chromora.in/wp-json/oembed/1.0/embed4d45.html]
[chromora.in/wp-json/wp/v2/product/1505.html]
[chromora.in/index5c81.html]
[chromora.in/wp-content/uploads/2026/08/IMG_7816-Photoroom.html]
[chromora.in/wp-content/uploads/2026/08/IMG_7816-Photoroom-600x800.html]
[chromora.in/product/razorbone-ring/index389a.html]
[chromora.in/product/lionabyss-ring/index.html]
[chromora.in/wp-content/uploads/2026/05/Screenshot-2026-05-17-at-4.48.38-PM-300x300.html]
[chromora.in/product/razorbone-ring/index8b59.html]
[chromora.in/product/starborn-ring/feed/index.html]
[chromora.in/wp-json/oembed/1.0/embedce98.html]
[chromora.in/wp-json/oembed/1.0/embed480d.html]
[chromora.in/wp-json/wp/v2/product/1504.html]
[chromora.in/index7dd5.html]
[chromora.in/wp-content/uploads/2026/08/IMG_7818-Photoroom.html]
[chromora.in/wp-content/uploads/2026/08/IMG_7818-Photoroom-600x800.html]
[chromora.in/product/starborn-ring/index442e.html]
[chromora.in/product/off-white-ring/index.html]
[chromora.in/wp-content/uploads/2026/05/Screenshot-2026-05-17-at-4.58.04-PM-300x300.html]
[chromora.in/product/nova-ring/feed/index.html]
[chromora.in/wp-json/oembed/1.0/embed2aaf.html]
[chromora.in/wp-json/oembed/1.0/embeddd24.html]
[chromora.in/wp-json/wp/v2/product/1503.html]
[chromora.in/index1a9a.html]
[chromora.in/wp-content/uploads/2026/08/IMG_7821-Photoroom.html]
[chromora.in/wp-content/uploads/2026/08/IMG_7821-Photoroom-600x800.html]
[chromora.in/product/nova-ring/index42d1.html]
[chromora.in/product/oracle-ring/feed/index.html]
[chromora.in/wp-json/oembed/1.0/embed5c00.html]
[chromora.in/wp-json/oembed/1.0/embed3f94.html]
[chromora.in/wp-json/wp/v2/product/1502.html]
[chromora.in/indexebbd.html]
[chromora.in/wp-content/uploads/2026/08/IMG_7814-Photoroom.html]
[chromora.in/wp-content/uploads/2026/08/IMG_7814-Photoroom-600x800.html]
[chromora.in/product/zerothform-ring/index.html]
[chromora.in/wp-content/uploads/2026/05/Screenshot-2026-05-17-at-4.42.19-PM-300x300.html]
[chromora.in/product/eclipse-ring/feed/index.html]
[chromora.in/wp-json/oembed/1.0/embed6c36.html]
[chromora.in/wp-json/oembed/1.0/embedc5a6.html]
[chromora.in/wp-json/wp/v2/product/1501.html]
[chromora.in/indexea99.html]
[chromora.in/wp-content/uploads/2026/08/IMG_7809-Photoroom.html]
[chromora.in/wp-content/uploads/2026/08/IMG_7809-Photoroom-600x800.html]
[chromora.in/product/eclipse-ring/index389a.html]
[chromora.in/product/splitmoon-ring/index.html]
[chromora.in/wp-content/uploads/2026/05/Screenshot-2026-05-17-at-4.49.45-PM-300x300.html]
[chromora.in/product/eclipse-ring/indexb70b.html]
[chromora.in/product/twinstar-ring/feed/index.html]
[chromora.in/wp-json/oembed/1.0/embede826.html]
[chromora.in/wp-json/oembed/1.0/embed3486.html]
[chromora.in/wp-json/wp/v2/product/1500.html]
[chromora.in/index0f1e.html]
[chromora.in/wp-content/uploads/2026/08/IMG_7824-Photoroom.html]
[chromora.in/wp-content/uploads/2026/08/IMG_7824-Photoroom-600x800.html]
[chromora.in/product/the-goth-ring/index.html]
[chromora.in/wp-content/uploads/2026/05/Screenshot-2026-05-17-at-5.01.57-PM-300x300.html]
[chromora.in/product/twinstar-ring/indexd0aa.html]
[chromora.in/product/voidlace-ring/feed/index.html]
[chromora.in/wp-json/oembed/1.0/embed4649.html]
[chromora.in/wp-json/oembed/1.0/embed8ced.html]
[chromora.in/wp-json/wp/v2/product/1499.html]
[chromora.in/indexaf1d.html]
[chromora.in/wp-content/uploads/2026/08/IMG_7812-Photoroom.html]
[chromora.in/wp-content/uploads/2026/08/IMG_7812-Photoroom-600x800.html]
[chromora.in/product/wraithgrip-ring/index.html]
[chromora.in/wp-content/uploads/2026/05/Screenshot-2026-05-17-at-5.00.25-PM-300x300.html]
[chromora.in/product/voidlace-ring/index2af4.html]
[chromora.in/product/voidlace-ring/indexb70b.html]
[chromora.in/product/pentra-ring/feed/index.html]
[chromora.in/wp-json/oembed/1.0/embed8ef9.html]
[chromora.in/wp-json/oembed/1.0/embedc053.html]
[chromora.in/wp-json/wp/v2/product/1496.html]
[chromora.in/indexa283.html]
[chromora.in/wp-content/uploads/2026/08/IMG_7817-Photoroom.html]
[chromora.in/wp-content/uploads/2026/08/IMG_7817-Photoroom-600x800.html]
[chromora.in/product/obsidian-ring/feed/index.html]
[chromora.in/wp-json/oembed/1.0/embed172c.html]
[chromora.in/wp-json/oembed/1.0/embed5f89.html]
[chromora.in/wp-json/wp/v2/product/1495.html]
[chromora.in/index1df0.html]
[chromora.in/wp-content/uploads/2026/08/IMG_7820-Photoroom.html]
[chromora.in/wp-content/uploads/2026/08/IMG_7820-Photoroom-600x800.html]
[chromora.in/product/obsidian-ring/index2af4.html]
[chromora.in/product/starcore-ring/index.html]
[chromora.in/wp-content/uploads/2026/05/Screenshot-2026-05-17-at-4.50.52-PM-300x300.html]
[chromora.in/product/wraith-ring/feed/index.html]
[chromora.in/wp-json/oembed/1.0/embed5e8b.html]
[chromora.in/wp-json/oembed/1.0/embedfa9c.html]
[chromora.in/wp-json/wp/v2/product/1494.html]
[chromora.in/index2987.html]
[chromora.in/wp-content/uploads/2026/08/IMG_7822-Photoroom.html]
[chromora.in/wp-content/uploads/2026/08/IMG_7822-Photoroom-600x800.html]
[chromora.in/product/wraith-ring/index9949.html]
[chromora.in/product/wraith-ring/index42d1.html]
[chromora.in/product/wraith-ring/index389a.html]
[chromora.in/product/wraith-ring/indexd0aa.html]
[chromora.in/product-category/rings/page/2/index7ff3.html]
[chromora.in/product-category/rings/page/2/index6f3e.html]
[chromora.in/product-category/rings/page/2/index2995.html]
[chromora.in/product-category/rings/page/2/index534d.html]
[chromora.in/product-category/rings/page/2/index8df4.html]
[chromora.in/product-category/rings/page/2/index3030.html]
[chromora.in/product-category/rings/page/2/indexe483.html]
[chromora.in/product-category/rings/page/2/indexbe6d.html]
[chromora.in/product-category/rings/page/2/index5584.html]
[chromora.in/product/totem-cross-ring-2/index.html]
[chromora.in/wp-content/uploads/2026/05/photoroom_20260517_172739-300x300.html]
[chromora.in/product-category/rings/page/2/index8f8c.html]
[chromora.in/product/y2kfly-ring/index.html]
[chromora.in/wp-content/uploads/2026/05/photoroom_20260517_172759-300x300.html]
[chromora.in/product-category/rings/page/2/indexba77.html]
[chromora.in/product/archangel-ring/index.html]
[chromora.in/wp-content/uploads/2026/05/Screenshot-2026-05-17-at-5.21.46-PM-300x300.html]
[chromora.in/product-category/rings/page/1/index.html]
[chromora.in/product/kings-print-ring/index.html]
[chromora.in/wp-content/uploads/2026/05/1000526783-300x300.html]
[chromora.in/product/skell-red-ring/index.html]
[chromora.in/wp-content/uploads/2026/05/1000526784-300x300.html]
[chromora.in/product/totem-cross-ring/index.html]
[chromora.in/wp-content/uploads/2026/05/photoroom_20260517_171514-300x300.html]
[chromora.in/product/vanta-sigil-ring/index.html]
[chromora.in/wp-content/uploads/2026/05/photoroom_20260517_171159-300x300.html]
[chromora.in/product/raven-skull-ring/index.html]
[chromora.in/wp-content/uploads/2026/05/1000526785-300x300.html]
[chromora.in/product-category/rings/page/3/indexf22d.html]
[chromora.in/product/doom-ring/index.html]
[chromora.in/wp-content/uploads/2026/05/1000526786-300x300.html]
[chromora.in/product/vengeancebatman-ring/index.html]
[chromora.in/wp-content/uploads/2026/05/Screenshot-2026-05-17-at-5.05.27-PM-300x300.html]
[chromora.in/product-category/rings/page/3/index422e.html]
[chromora.in/product/bling-ring/index.html]
[chromora.in/wp-content/uploads/2026/05/Screenshot-2026-05-17-at-5.04.02-PM-300x300.html]
[chromora.in/product-category/rings/page/3/indexd0aa.html]
[chromora.in/product-category/rings/page/3/index2af4.html]
[chromora.in/product/cuban-ring/index.html]
[chromora.in/wp-content/uploads/2026/05/Screenshot-2026-05-17-at-4.56.42-PM-300x300.html]
[chromora.in/product-category/rings/page/4/index389a.html]
[chromora.in/product-category/rings/page/4/index14f2.html]
[chromora.in/product/fck-ring/index.html]
[chromora.in/wp-content/uploads/2026/05/Screenshot-2026-05-17-at-4.46.08-PM-300x300.html]
[chromora.in/product-category/rings/page/4/indexe6b6.html]
[chromora.in/product-category/rings/page/4/index9949.html]
[chromora.in/product-category/rings/page/4/indexb70b.html]
[chromora.in/wp-content/uploads/2026/05/img_4694-300x300.html]
[chromora.in/product-category/rings/page/5/index1179.html]
[chromora.in/product-category/rings/page/5/index42d1.html]
[chromora.in/product-category/rings/page/5/index442e.html]
[chromora.in/product-category/rings/page/5/index8b59.html]
[chromora.in/product-category/chains/neckchains/feed/index.html]
[chromora.in/wp-json/wp/v2/product_cat/30.html]
[chromora.in/product-category/chains/neckchains/index4610.html]
[chromora.in/product-category/chains/neckchains/index032a.html]
[chromora.in/product-category/chains/neckchains/indexa508.html]
[chromora.in/product-category/chains/neckchains/index86f4.html]
[chromora.in/product-category/chains/neckchains/index8c63.html]
[chromora.in/product-category/chains/neckchains/index270e.html]
[chromora.in/product/ch-horseshoe-neckpiece/index.html]
[chromora.in/wp-content/uploads/2026/05/IMG_1516-300x300.html]
[chromora.in/product/chunkyfloral-neckpiece/index.html]
[chromora.in/wp-content/uploads/2026/05/IMG_5236-300x300.html]
[chromora.in/product-category/chains/neckchains/indexa6e9.html]
[chromora.in/product-category/chains/neckchains/index58aa.html]
[chromora.in/product-category/chains/neckchains/page/2/index.html]
[chromora.in/product-category/chains/chokers/feed/index.html]
[chromora.in/wp-json/wp/v2/product_cat/31.html]
[chromora.in/product-category/chains/chokers/index6878.html]
[chromora.in/product-category/chains/chokers/index34e5.html]
[chromora.in/product-category/chains/jeanchains/feed/index.html]
[chromora.in/wp-json/wp/v2/product_cat/32.html]
[chromora.in/product-category/chains/jeanchains/index4610.html]
[chromora.in/product-category/chains/jeanchains/index42e8.html]
[chromora.in/product-category/chains/jeanchains/index195d.html]
[chromora.in/product/ch-leaf-bracelet/feed/index.html]
[chromora.in/wp-json/oembed/1.0/embed6529.html]
[chromora.in/wp-json/oembed/1.0/embed5722.html]
[chromora.in/wp-json/wp/v2/product/1449.html]
[chromora.in/indexd699.html]
[chromora.in/wp-content/uploads/2026/08/photoroom_20260808_002802.html]
[chromora.in/wp-content/uploads/2026/08/photoroom_20260808_002802-600x800.html]
[chromora.in/product/ch-bloom-bracelet-2/feed/index.html]
[chromora.in/wp-json/oembed/1.0/embedc5c0.html]
[chromora.in/wp-json/oembed/1.0/embed9daf.html]
[chromora.in/wp-json/wp/v2/product/1410.html]
[chromora.in/index24bb.html]
[chromora.in/wp-content/uploads/2026/08/img_7693.html]
[chromora.in/wp-content/uploads/2026/08/img_7693-600x786.html]
[chromora.in/product/ch-totem-bracelet/feed/index.html]
[chromora.in/wp-json/oembed/1.0/embedaec8.html]
[chromora.in/wp-json/oembed/1.0/embed6558.html]
[chromora.in/wp-json/wp/v2/product/1359.html]
[chromora.in/index01d1.html]
[chromora.in/wp-content/uploads/2026/07/photoroom_20260719_174119.html]
[chromora.in/wp-content/uploads/2026/07/photoroom_20260719_174119-600x800.html]
[chromora.in/product/ch-totem-bracelet/index6749.html]
[chromora.in/product/ch-beads-bracelet/feed/index.html]
[chromora.in/wp-json/oembed/1.0/embedf8bd.html]
[chromora.in/wp-json/oembed/1.0/embedd432.html]
[chromora.in/wp-json/wp/v2/product/1075.html]
[chromora.in/indexce64.html]
[chromora.in/wp-content/uploads/2026/06/photoroom_20260613_205158.html]
[chromora.in/wp-content/uploads/2026/06/photoroom_20260613_205158-600x800.html]
[chromora.in/wp-content/uploads/2026/06/img_6077-scaled.html]
[chromora.in/wp-content/uploads/2026/06/img_6077-600x800.html]
[chromora.in/wp-content/uploads/2026/06/img_6079-scaled.html]
[chromora.in/wp-content/uploads/2026/06/img_6079-600x1066.html]
[chromora.in/product/ch-dice-bracelet/feed/index.html]
[chromora.in/wp-json/oembed/1.0/embedb540.html]
[chromora.in/wp-json/oembed/1.0/embeda05e.html]
[chromora.in/wp-json/wp/v2/product/433.html]
[chromora.in/index1557.html]
[chromora.in/wp-content/uploads/2026/05/img_4680.html]
[chromora.in/wp-content/uploads/2026/05/img_4680-600x747.html]
[chromora.in/product/ch-bloom-bracelet/feed/index.html]
[chromora.in/wp-json/oembed/1.0/embed0d9f.html]
[chromora.in/wp-json/oembed/1.0/embed6fb9.html]
[chromora.in/wp-json/wp/v2/product/152.html]
[chromora.in/index1611.html]
[chromora.in/wp-content/uploads/2026/05/IMG_3029-scaled.html]
[chromora.in/wp-content/uploads/2026/05/IMG_3029-600x800.html]
[chromora.in/product/ch-bloom-bracelet/index34e5.html]
[chromora.in/product/ch-bloom-bracelet/indexd9df.html]
[chromora.in/product/ch-bloom-bracelet/indexaacb.html]
[chromora.in/product/ch-bloom-2-2/feed/index.html]
[chromora.in/wp-json/oembed/1.0/embed6991.html]
[chromora.in/wp-json/oembed/1.0/embed6708.html]
[chromora.in/wp-json/wp/v2/product/134.html]
[chromora.in/index47f2.html]
[chromora.in/wp-content/uploads/2026/05/IMG_3721.html]
[chromora.in/wp-content/uploads/2026/05/IMG_3721-600x800.html]
[chromora.in/product/ch-bloom-2-2/indexd9df.html]
[chromora.in/product/ch-bloom-2-2/indexcf6e.html]
[chromora.in/product/ch-leather-wallet/feed/index.html]
[chromora.in/wp-json/oembed/1.0/embed6274.html]
[chromora.in/wp-json/oembed/1.0/embed3035.html]
[chromora.in/wp-json/wp/v2/product/145.html]
[chromora.in/indexbe3b.html]
[chromora.in/wp-content/uploads/2026/05/IMG_3033-scaled.html]
[chromora.in/wp-content/uploads/2026/05/IMG_3033-600x800.html]
[chromora.in/product/ch-leather-wallet/index6878.html]
[chromora.in/product/ch-chain-wallet/feed/index.html]
[chromora.in/wp-json/oembed/1.0/embedcb96.html]
[chromora.in/wp-json/oembed/1.0/embeddafc.html]
[chromora.in/wp-json/wp/v2/product/135.html]
[chromora.in/index86fa.html]
[chromora.in/wp-content/uploads/2026/05/IMG_3720.html]
[chromora.in/wp-content/uploads/2026/05/IMG_3720-600x800.html]
[chromora.in/product/ch-chain-wallet/index1a5c.html]
[chromora.in/product/ch-belt-2/feed/index.html]
[chromora.in/wp-json/oembed/1.0/embedc749.html]
[chromora.in/wp-json/oembed/1.0/embed8ab8.html]
[chromora.in/wp-json/wp/v2/product/1491.html]
[chromora.in/index17f1.html]
[chromora.in/wp-content/uploads/2026/08/20260805_182316-2-Photoroom.html]
[chromora.in/wp-content/uploads/2026/08/20260805_182316-2-Photoroom-600x750.html]
[chromora.in/wp-content/uploads/2026/08/20260805_182316-5-Photoroom.html]
[chromora.in/wp-content/uploads/2026/08/20260805_182316-5-Photoroom-600x750.html]
[chromora.in/wp-content/uploads/2026/08/20260805_182316-Photoroom.html]
[chromora.in/wp-content/uploads/2026/08/20260805_182316-Photoroom-600x750.html]
[chromora.in/product/ch-belt-2/index10cd.html]
[chromora.in/product/spiked-earring/feed/index.html]
[chromora.in/wp-json/oembed/1.0/embed7c40.html]
[chromora.in/wp-json/oembed/1.0/embedca09.html]
[chromora.in/wp-json/wp/v2/product/1368.html]
[chromora.in/index027d.html]
[chromora.in/wp-content/uploads/2026/07/img_7460.html]
[chromora.in/wp-content/uploads/2026/07/img_7460-600x750.html]
[chromora.in/wp-content/uploads/2026/07/photoroom_20260719_182718.html]
[chromora.in/wp-content/uploads/2026/07/photoroom_20260719_182718-600x750.html]
[chromora.in/product/spiked-earring/indexcba7.html]
[chromora.in/product/spiked-earring/index5642.html]
[chromora.in/product/moon-earcuff/feed/index.html]
[chromora.in/wp-json/oembed/1.0/embeddb13.html]
[chromora.in/wp-json/oembed/1.0/embed0d33.html]
[chromora.in/wp-json/wp/v2/product/1365.html]
[chromora.in/index4c94.html]
[chromora.in/wp-content/uploads/2026/07/photoroom_20260719_182809.html]
[chromora.in/wp-content/uploads/2026/07/photoroom_20260719_182809-600x750.html]
[chromora.in/wp-content/uploads/2026/07/img_7463.html]
[chromora.in/wp-content/uploads/2026/07/img_7463-600x750.html]
[chromora.in/product/moon-earcuff/indexcba7.html]
[chromora.in/product/moon-earcuff/index05bb.html]
[chromora.in/product/starcore-earcuff/feed/index.html]
[chromora.in/wp-json/oembed/1.0/embede303.html]
[chromora.in/wp-json/oembed/1.0/embeddb25.html]
[chromora.in/wp-json/wp/v2/product/1362.html]
[chromora.in/indexf0e8.html]
[chromora.in/wp-content/uploads/2026/07/photoroom_20260719_182832.html]
[chromora.in/wp-content/uploads/2026/07/photoroom_20260719_182832-600x750.html]
[chromora.in/wp-content/uploads/2026/07/img_7462.html]
[chromora.in/wp-content/uploads/2026/07/img_7462-600x750.html]
[chromora.in/product/starcore-earcuff/index5642.html]
[chromora.in/product/ch-overhaul-carabiner/feed/index.html]
[chromora.in/wp-json/oembed/1.0/embede52b.html]
[chromora.in/wp-json/oembed/1.0/embedf2e0.html]
[chromora.in/wp-json/wp/v2/product/1304.html]
[chromora.in/indexcb01.html]
[chromora.in/wp-content/uploads/2026/07/photoroom_20260705_002227.html]
[chromora.in/wp-content/uploads/2026/07/photoroom_20260705_002227-600x800.html]
[chromora.in/product/ch-overhaul-carabiner/indexdbb5.html]
[chromora.in/product/ch-studs-3/feed/index.html]
[chromora.in/wp-json/oembed/1.0/embed4614.html]
[chromora.in/wp-json/oembed/1.0/embed9f58.html]
[chromora.in/wp-json/wp/v2/product/404.html]
[chromora.in/indexd8bc.html]
[chromora.in/wp-content/uploads/2026/05/1000526787.html]
[chromora.in/wp-content/uploads/2026/05/1000526787-600x750.html]
[chromora.in/product/ch-studs-3/index05bb.html]
[chromora.in/wp-includes/js/underscore.min3ab8.html]
[chromora.in/wp-includes/js/wp-util.minb6ba.html]
[chromora.in/wp-content/plugins/woocommerce/assets/js/frontend/add-to-cart-variation.min9e47.html]
[chromora.in/product/ch-studs-2/feed/index.html]
[chromora.in/wp-json/oembed/1.0/embed5901.html]
[chromora.in/wp-json/oembed/1.0/embed2617.html]
[chromora.in/wp-json/wp/v2/product/401.html]
[chromora.in/indexfef8.html]
[chromora.in/wp-content/uploads/2026/05/1000526788.html]
[chromora.in/wp-content/uploads/2026/05/1000526788-600x750.html]
[chromora.in/product/ch-studs-2/index5642.html]
[chromora.in/product/ch-studs-1/feed/index.html]
[chromora.in/wp-json/oembed/1.0/embed0925.html]
[chromora.in/wp-json/oembed/1.0/embede066.html]
[chromora.in/wp-json/wp/v2/product/377.html]
[chromora.in/indexa7ab.html]
[chromora.in/wp-content/uploads/2026/05/1000526789.html]
[chromora.in/wp-content/uploads/2026/05/1000526789-600x750.html]
[chromora.in/wp-content/uploads/2026/05/1000526792.html]
[chromora.in/wp-content/uploads/2026/05/1000526792-600x750.html]
[chromora.in/wp-content/uploads/2026/05/1000526790.html]
[chromora.in/wp-content/uploads/2026/05/1000526790-600x750.html]
[chromora.in/product/marlboro-red-keychain-carabiner/feed/index.html]
[chromora.in/wp-json/oembed/1.0/embede8da.html]
[chromora.in/wp-json/oembed/1.0/embed9e7f.html]
[chromora.in/wp-json/wp/v2/product/1414.html]
[chromora.in/indexe006.html]
[chromora.in/wp-content/uploads/2026/08/photoroom_20260801_181211.html]
[chromora.in/wp-content/uploads/2026/08/photoroom_20260801_181211-600x800.html]
[chromora.in/product/marlboro-red-keychain-carabiner/index44a3.html]
[chromora.in/product/marlboro-red-keychain-carabiner/indexb444.html]
[chromora.in/product/marlboro-red-keychain-carabiner/indexcf46.html]
[chromora.in/product/diet-coke-keychain-carabiner/feed/index.html]
[chromora.in/wp-json/oembed/1.0/embed2dda.html]
[chromora.in/wp-json/oembed/1.0/embed18b4.html]
[chromora.in/wp-json/wp/v2/product/1412.html]
[chromora.in/index83ef.html]
[chromora.in/wp-content/uploads/2026/08/photoroom_20260801_182853.html]
[chromora.in/wp-content/uploads/2026/08/photoroom_20260801_182853-600x800.html]
[chromora.in/product/diet-coke-keychain-carabiner/index719b.html]
[chromora.in/product/diet-coke-keychain-carabiner/index44a3.html]
[chromora.in/product/diet-coke-keychain-carabiner/indexcf46.html]
[chromora.in/product/berserk-keychain/feed/index.html]
[chromora.in/wp-json/oembed/1.0/embed90e6.html]
[chromora.in/wp-json/oembed/1.0/embed9b4c.html]
[chromora.in/wp-json/wp/v2/product/1387.html]
[chromora.in/indexbb3a.html]
[chromora.in/wp-content/uploads/2026/07/photoroom_20260719_185226.html]
[chromora.in/wp-content/uploads/2026/07/photoroom_20260719_185226-600x800.html]
[chromora.in/product/berserk-keychain/indexb444.html]
[chromora.in/product/berserk-keychain/index94a0.html]
[chromora.in/product/ch-fluer-keychain-carabiner/feed/index.html]
[chromora.in/wp-json/oembed/1.0/embeddd59.html]
[chromora.in/wp-json/oembed/1.0/embedf3a1.html]
[chromora.in/wp-json/wp/v2/product/1311.html]
[chromora.in/index05c7.html]
[chromora.in/wp-content/uploads/2026/07/photoroom_20260705_002829.html]
[chromora.in/wp-content/uploads/2026/07/photoroom_20260705_002829-600x800.html]
[chromora.in/product/ch-sigil-keychain-carabiner/feed/index.html]
[chromora.in/wp-json/oembed/1.0/embed3419.html]
[chromora.in/wp-json/oembed/1.0/embed41e8.html]
[chromora.in/wp-json/wp/v2/product/1309.html]
[chromora.in/indexdc32.html]
[chromora.in/wp-content/uploads/2026/07/photoroom_20260705_002503.html]
[chromora.in/wp-content/uploads/2026/07/photoroom_20260705_002503-600x800.html]
[chromora.in/product/ch-bite-carabiner/feed/index.html]
[chromora.in/wp-json/oembed/1.0/embedaa19.html]
[chromora.in/wp-json/oembed/1.0/embed44c3.html]
[chromora.in/wp-json/wp/v2/product/1306.html]
[chromora.in/indexc474.html]
[chromora.in/wp-content/uploads/2026/07/photoroom_20260705_002405-1.html]
[chromora.in/wp-content/uploads/2026/07/photoroom_20260705_002405-1-600x800.html]
[chromora.in/product/ch-bite-carabiner/indexb444.html]
[chromora.in/product/ch-bite-carabiner/index719b.html]
[chromora.in/product/ch-creed-carabiner/feed/index.html]
[chromora.in/wp-json/oembed/1.0/embed7097.html]
[chromora.in/wp-json/oembed/1.0/embedebe5.html]
[chromora.in/wp-json/wp/v2/product/1302.html]
[chromora.in/index3c55.html]
[chromora.in/wp-content/uploads/2026/07/photoroom_20260705_002138.html]
[chromora.in/wp-content/uploads/2026/07/photoroom_20260705_002138-600x800.html]
[chromora.in/product/ch-creed-carabiner/indexb444.html]
[chromora.in/product/ch-creed-carabiner/index719b.html]
[chromora.in/product/ch-crux-deu-carabiner/feed/index.html]
[chromora.in/wp-json/oembed/1.0/embed128b.html]
[chromora.in/wp-json/oembed/1.0/embed3a02.html]
[chromora.in/wp-json/wp/v2/product/1300.html]
[chromora.in/index2610.html]
[chromora.in/wp-content/uploads/2026/07/photoroom_20260705_002325.html]
[chromora.in/wp-content/uploads/2026/07/photoroom_20260705_002325-600x800.html]
[chromora.in/product/ch-crux-deu-carabiner/index6024.html]
[chromora.in/product/ch-crux-deu-carabiner/index94a0.html]
[chromora.in/product/white-monster-keychain-carabiner/feed/index.html]
[chromora.in/wp-json/oembed/1.0/embed1c94.html]
[chromora.in/wp-json/oembed/1.0/embed066c.html]
[chromora.in/wp-json/wp/v2/product/967.html]
[chromora.in/index2dce.html]
[chromora.in/wp-content/uploads/2026/06/img_5656-scaled.html]
[chromora.in/wp-content/uploads/2026/06/img_5656-600x800.html]
[chromora.in/wp-content/uploads/2026/06/img_5657-scaled.html]
[chromora.in/wp-content/uploads/2026/06/img_5657-600x800.html]
[chromora.in/wp-content/uploads/2026/06/img_5652-scaled.html]
[chromora.in/wp-content/uploads/2026/06/img_5652-600x800.html]
[chromora.in/product/white-monster-keychain-carabiner/index34e5.html]
[chromora.in/product/white-monster-keychain-carabiner/indexb444.html]
[chromora.in/product/ch-jeanchain-4/feed/index.html]
[chromora.in/wp-json/oembed/1.0/embed4149.html]
[chromora.in/wp-json/oembed/1.0/embedbde9.html]
[chromora.in/wp-json/wp/v2/product/1455.html]
[chromora.in/indexe11a.html]
[chromora.in/wp-content/uploads/2026/08/1000527461.html]
[chromora.in/wp-content/uploads/2026/08/1000527461-600x750.html]
[chromora.in/wp-content/uploads/2026/08/1000527462.html]
[chromora.in/wp-content/uploads/2026/08/1000527462-600x750.html]
[chromora.in/product-category/ch/page/2/index195d.html]
[chromora.in/product-category/ch/page/2/index5039.html]
[chromora.in/product-category/ch/page/2/index2995.html]
[chromora.in/product-category/ch/page/2/index534d.html]
[chromora.in/product-category/ch/page/2/index8df4.html]
[chromora.in/product-category/ch/page/2/index3030.html]
[chromora.in/product-category/ch/page/2/indexe483.html]
[chromora.in/product-category/ch/page/2/indexbe6d.html]
[chromora.in/product-category/ch/page/2/index5584.html]
[chromora.in/product-category/ch/page/1/index.html]
[chromora.in/product-category/ch/page/3/indexb444.html]
[chromora.in/product-category/ch/page/3/indexcf46.html]
[chromora.in/product-category/ch/page/3/index39d0.html]
[chromora.in/product-category/ch/page/3/index3093.html]
[chromora.in/product-category/ch/page/3/index3eb4.html]
[chromora.in/product-category/ch/page/4/index58aa.html]
[chromora.in/product-category/ch/page/4/indexcf6e.html]
[chromora.in/product-category/ch/page/4/index142d.html]
[chromora.in/product-category/ch/page/4/indexaacb.html]
[chromora.in/product-category/ch/page/5/indexdbb5.html]
[chromora.in/product-category/ch/page/5/index10cd.html]
[chromora.in/wp-content/plugins/woocommerce/assets/css/photoswipe/default-skin/default-skin-2.html]
[chromora.in/wp-content/plugins/woocommerce/assets/css/photoswipe/default-skin/preloader.html]
[chromora.in/wp-content/plugins/flexible-product-fields/assets/fonts/icons/icomoon.html]
[chromora.in/wp-content/plugins/flexible-product-fields/assets/fonts/icons/icomoon-2.html]
[chromora.in/wp-content/plugins/flexible-product-fields/assets/fonts/icons/icomoon-3.html]
[chromora.in/wp-content/plugins/flexible-product-fields/assets/fonts/icons/icomoon-4.html]
[chromora.in/product/bloodpion-ring/feed/index.html]
[chromora.in/wp-json/oembed/1.0/embed1762.html]
[chromora.in/wp-json/oembed/1.0/embed1e92.html]
[chromora.in/wp-json/wp/v2/product/441.html]
[chromora.in/indexdf01.html]
[chromora.in/wp-content/uploads/2026/05/img_4696.html]
[chromora.in/wp-content/uploads/2026/05/img_4696-600x690.html]
[chromora.in/product/bloodpion-ring/index442e.html]
[chromora.in/product/bloodpion-ring/indexe6b6.html]
[chromora.in/product/bloodpion-ring/index9949.html]
[chromora.in/product/grimdeck-ring/feed/index.html]
[chromora.in/wp-json/oembed/1.0/embedb72a.html]
[chromora.in/wp-json/oembed/1.0/embedf20f.html]
[chromora.in/wp-json/wp/v2/product/525.html]
[chromora.in/index27cd.html]
[chromora.in/wp-content/uploads/2026/05/Screenshot-2026-05-17-at-4.39.41-PM.html]
[chromora.in/wp-content/uploads/2026/05/Screenshot-2026-05-17-at-4.39.41-PM-600x604.html]
[chromora.in/product/grimdeck-ring/indexd0aa.html]
[chromora.in/product/amethyst-ring/feed/index.html]
[chromora.in/wp-json/oembed/1.0/embedabed.html]
[chromora.in/wp-json/oembed/1.0/embed2cea.html]
[chromora.in/wp-json/wp/v2/product/531.html]
[chromora.in/index7398.html]
[chromora.in/wp-content/uploads/2026/05/Screenshot-2026-05-17-at-4.44.59-PM.html]
[chromora.in/wp-content/uploads/2026/05/Screenshot-2026-05-17-at-4.44.59-PM-600x584.html]
[chromora.in/product/reaperwing-ring/feed/index.html]
[chromora.in/wp-json/oembed/1.0/embeddb9b.html]
[chromora.in/wp-json/oembed/1.0/embedbeb8.html]
[chromora.in/wp-json/wp/v2/product/522.html]
[chromora.in/index28a7.html]
[chromora.in/wp-content/uploads/2026/05/Screenshot-2026-05-17-at-4.35.21-PM.html]
[chromora.in/wp-content/uploads/2026/05/Screenshot-2026-05-17-at-4.35.21-PM-600x586.html]
[chromora.in/product/reaperwing-ring/index2af4.html]
[chromora.in/product/reaperwing-ring/index14f2.html]
[chromora.in/product/ch-ty-1/feed/index.html]
[chromora.in/wp-json/oembed/1.0/embed5c27.html]
[chromora.in/wp-json/oembed/1.0/embed4c09.html]
[chromora.in/wp-json/wp/v2/product/141.html]
[chromora.in/index269b.html]
[chromora.in/wp-content/uploads/2026/05/IMG_3051-scaled.html]
[chromora.in/wp-content/uploads/2026/05/IMG_3051-600x800.html]
[chromora.in/product-category/tie/index.html]
[chromora.in/product/ch-ty-1/indexdbb5.html]
[chromora.in/product/ch-ty-1/indexcf6e.html]
[chromora.in/product/ch-ty-1/index1a5c.html]
[chromora.in/product/ch-jeanchain-2/feed/index.html]
[chromora.in/wp-json/oembed/1.0/embed96b9.html]
[chromora.in/wp-json/oembed/1.0/embed37fe.html]
[chromora.in/wp-json/wp/v2/product/137.html]
[chromora.in/index60d6.html]
[chromora.in/wp-content/uploads/2026/05/IMG_3719.html]
[chromora.in/wp-content/uploads/2026/05/IMG_3719-600x800.html]
[chromora.in/wp-content/uploads/2026/05/IMG_4490-scaled.html]
[chromora.in/wp-content/uploads/2026/05/IMG_4490-600x800.html]
[chromora.in/product/ch-jeanchain-2/indexdbb5.html]
[chromora.in/product/heartbreaker-choker/feed/index.html]
[chromora.in/wp-json/oembed/1.0/embed0ebf.html]
[chromora.in/wp-json/oembed/1.0/embed90f1.html]
[chromora.in/wp-json/wp/v2/product/427.html]
[chromora.in/indexa942.html]
[chromora.in/wp-content/uploads/2026/05/img_4686.html]
[chromora.in/wp-content/uploads/2026/05/img_4686-600x747.html]
[chromora.in/product/heartbreaker-choker/indexdbb5.html]
[chromora.in/product/heartbreaker-choker/index142d.html]
[chromora.in/product/ch-cemetry-ring/feed/index.html]
[chromora.in/wp-json/oembed/1.0/embed1f29.html]
[chromora.in/wp-json/oembed/1.0/embed2849.html]
[chromora.in/wp-json/wp/v2/product/425.html]
[chromora.in/index27ac.html]
[chromora.in/wp-content/uploads/2026/05/img_4673.html]
[chromora.in/wp-content/uploads/2026/05/img_4673-600x675.html]
[chromora.in/product/ch-cemetry-ring/indexe6b6.html]
[chromora.in/product/ch-cemetry-ring/index14f2.html]
[chromora.in/product/ch-cemetry-ring/index9949.html]
[chromora.in/product/ch-jeanchain-1/feed/index.html]
[chromora.in/wp-json/oembed/1.0/embed4f9b.html]
[chromora.in/wp-json/oembed/1.0/embedc34c.html]
[chromora.in/wp-json/wp/v2/product/139.html]
[chromora.in/indexb4d2.html]
[chromora.in/wp-content/uploads/2026/05/IMG_3722.html]
[chromora.in/wp-content/uploads/2026/05/IMG_3722-600x800.html]
[chromora.in/wp-content/uploads/2026/05/IMG_4474-scaled.html]
[chromora.in/wp-content/uploads/2026/05/IMG_4474-600x800.html]
[chromora.in/product/ch-jeanchain-1/indexaacb.html]
[chromora.in/product/ch-jeanchain-1/index94a0.html]
[chromora.in/product/ch-neckpiece-3-chains/feed/index.html]
[chromora.in/wp-json/oembed/1.0/embed2d77.html]
[chromora.in/wp-json/oembed/1.0/embedd63b.html]
[chromora.in/wp-json/wp/v2/product/961.html]
[chromora.in/indexf14d.html]
[chromora.in/wp-content/uploads/2026/06/img_5642.html]
[chromora.in/wp-content/uploads/2026/06/img_5642-600x588.html]
[chromora.in/product/ch-neckpiece-3-chains/index34e5.html]
[chromora.in/product/ch-neckpiece-3-chains/index6878.html]
[chromora.in/product/noctiflora-ring/feed/index.html]
[chromora.in/wp-json/oembed/1.0/embede2aa.html]
[chromora.in/wp-json/oembed/1.0/embed4e03.html]
[chromora.in/wp-json/wp/v2/product/435.html]
[chromora.in/index6205.html]
[chromora.in/wp-content/uploads/2026/05/img_4692.html]
[chromora.in/wp-content/uploads/2026/05/img_4692-600x778.html]
[chromora.in/product/noctiflora-ring/indexb70b.html]
[chromora.in/product/noctiflora-ring/index442e.html]
[chromora.in/product/eagle-ring/feed/index.html]
[chromora.in/wp-json/oembed/1.0/embedfa33.html]
[chromora.in/wp-json/oembed/1.0/embedd09a.html]
[chromora.in/wp-json/wp/v2/product/545.html]
[chromora.in/index3a3f.html]
[chromora.in/wp-content/uploads/2026/05/Screenshot-2026-05-17-at-4.55.26-PM.html]
[chromora.in/wp-content/uploads/2026/05/Screenshot-2026-05-17-at-4.55.26-PM-600x579.html]
[chromora.in/product/eagle-ring/index1179.html]
[chromora.in/product/eagle-ring/indexd0aa.html]
[chromora.in/product/the-moon-ring/feed/index.html]
[chromora.in/wp-json/oembed/1.0/embed9d6a.html]
[chromora.in/wp-json/oembed/1.0/embedc488.html]
[chromora.in/wp-json/wp/v2/product/541.html]
[chromora.in/index4126.html]
[chromora.in/wp-content/uploads/2026/05/Screenshot-2026-05-17-at-4.52.32-PM.html]
[chromora.in/wp-content/uploads/2026/05/Screenshot-2026-05-17-at-4.52.32-PM-600x582.html]
[chromora.in/product/the-moon-ring/index1179.html]
[chromora.in/product/the-moon-ring/index42d1.html]
[chromora.in/product/the-moon-ring/indexd0aa.html]
[chromora.in/product/the-moon-ring/indexb70b.html]
[chromora.in/product/cross-of-erebros/feed/index.html]
[chromora.in/wp-json/oembed/1.0/embed6613.html]
[chromora.in/wp-json/oembed/1.0/embed0522.html]
[chromora.in/wp-json/wp/v2/product/407.html]
[chromora.in/indexffa6.html]
[chromora.in/wp-content/uploads/2026/05/IMG_4649-scaled.html]
[chromora.in/wp-content/uploads/2026/05/IMG_4649-600x800.html]
[chromora.in/product/onyx-black-layered-chain/feed/index.html]
[chromora.in/wp-json/oembed/1.0/embed4433.html]
[chromora.in/wp-json/oembed/1.0/embedb75a.html]
[chromora.in/wp-json/wp/v2/product/431.html]
[chromora.in/index88c3.html]
[chromora.in/wp-content/uploads/2026/05/img_4681.html]
[chromora.in/wp-content/uploads/2026/05/img_4681-600x742.html]
[chromora.in/wp-content/uploads/2026/05/img_4683.html]
[chromora.in/wp-content/uploads/2026/05/img_4683-600x759.html]
[chromora.in/wp-content/uploads/2026/05/img_4682.html]
[chromora.in/wp-content/uploads/2026/05/img_4682-600x745.html]
[chromora.in/product/onyx-black-layered-chain/index94a0.html]
[chromora.in/product/ch-overhaul-neckpiece/feed/index.html]
[chromora.in/wp-json/oembed/1.0/embed1206.html]
[chromora.in/wp-json/oembed/1.0/embed5596.html]
[chromora.in/wp-json/wp/v2/product/1021.html]
[chromora.in/indexfeab.html]
[chromora.in/wp-content/uploads/2026/06/30485530-0354-4C20-B1AF-E3543576C906-Photoroom.html]
[chromora.in/wp-content/uploads/2026/06/30485530-0354-4C20-B1AF-E3543576C906-Photoroom-600x750.html]
[chromora.in/wp-content/uploads/2026/06/1B11686D-266B-47E1-AFAD-920C998A743F-Photoroom.html]
[chromora.in/wp-content/uploads/2026/06/1B11686D-266B-47E1-AFAD-920C998A743F-Photoroom-600x750.html]
[chromora.in/product/ch-overhaul-neckpiece/indexaacb.html]
[chromora.in/product/red-saint-neckpiece/feed/index.html]
[chromora.in/wp-json/oembed/1.0/embed0237.html]
[chromora.in/wp-json/oembed/1.0/embed3416.html]
[chromora.in/wp-json/wp/v2/product/1020.html]
[chromora.in/index87d0.html]
[chromora.in/wp-content/uploads/2026/06/AD564665-9DC3-4C5E-AA0A-466755830421-Photoroom.html]
[chromora.in/wp-content/uploads/2026/06/AD564665-9DC3-4C5E-AA0A-466755830421-Photoroom-600x750.html]
[chromora.in/wp-content/uploads/2026/06/7E3AAA9D-6A1A-43E8-8DE2-2B1F76A6E1B6-Photoroom.html]
[chromora.in/wp-content/uploads/2026/06/7E3AAA9D-6A1A-43E8-8DE2-2B1F76A6E1B6-Photoroom-600x750.html]
[chromora.in/product/red-saint-neckpiece/index10cd.html]
[chromora.in/product/starfall-neckpiece-choker/feed/index.html]
[chromora.in/wp-json/oembed/1.0/embedfb66.html]
[chromora.in/wp-json/oembed/1.0/embed79cb.html]
[chromora.in/wp-json/wp/v2/product/1019.html]
[chromora.in/index1bd8.html]
[chromora.in/wp-content/uploads/2026/06/2B122BFD-47D3-4DA4-8395-7A492A0C8347-Photoroom.html]
[chromora.in/wp-content/uploads/2026/06/2B122BFD-47D3-4DA4-8395-7A492A0C8347-Photoroom-600x750.html]
[chromora.in/wp-content/uploads/2026/06/4EA10A8D-441B-474B-8E5A-166C9B9827E9-Photoroom.html]
[chromora.in/wp-content/uploads/2026/06/4EA10A8D-441B-474B-8E5A-166C9B9827E9-Photoroom-600x750.html]
[chromora.in/product/starfall-neckpiece-choker/indexdbb5.html]
[chromora.in/product/starfall-neckpiece-choker/index34e5.html]
[chromora.in/product/midnight-flutter-neckpiece/feed/index.html]
[chromora.in/wp-json/oembed/1.0/embed9dde.html]
[chromora.in/wp-json/oembed/1.0/embeda7d0.html]
[chromora.in/wp-json/wp/v2/product/1017.html]
[chromora.in/indexf628.html]
[chromora.in/wp-content/uploads/2026/06/4B24213E-BA5D-4A30-8341-FC38A0F79387-Photoroom.html]
[chromora.in/wp-content/uploads/2026/06/4B24213E-BA5D-4A30-8341-FC38A0F79387-Photoroom-600x750.html]
[chromora.in/product/midnight-flutter-neckpiece/indexdbb5.html]
[chromora.in/product/ch-ty-2/feed/index.html]
[chromora.in/wp-json/oembed/1.0/embedb673.html]
[chromora.in/wp-json/oembed/1.0/embed7b0d.html]
[chromora.in/wp-json/wp/v2/product/132.html]
[chromora.in/index31a3.html]
[chromora.in/wp-content/uploads/2026/05/IMG_3718.html]
[chromora.in/wp-content/uploads/2026/05/IMG_3718-600x800.html]
[chromora.in/product/ch-ty-2/indexdbb5.html]
[chromora.in/product/ch-ty-2/indexd9df.html]
[chromora.in/product/fangbite-neckpiece-choker/feed/index.html]
[chromora.in/wp-json/oembed/1.0/embedbb8f.html]
[chromora.in/wp-json/oembed/1.0/embed1834.html]
[chromora.in/wp-json/wp/v2/product/1016.html]
[chromora.in/index8d1b.html]
[chromora.in/wp-content/uploads/2026/06/7466DA68-0434-440C-A000-F78D1432E4B3-Photoroom.html]
[chromora.in/wp-content/uploads/2026/06/7466DA68-0434-440C-A000-F78D1432E4B3-Photoroom-600x750.html]
[chromora.in/product/ch-floral-neckpiece/feed/index.html]
[chromora.in/wp-json/oembed/1.0/embed1fb8.html]
[chromora.in/wp-json/oembed/1.0/embed898d.html]
[chromora.in/wp-json/wp/v2/product/1022.html]
[chromora.in/indexb703.html]
[chromora.in/wp-content/uploads/2026/06/C07D5605-793F-45E8-961A-476D59BF62C0-Photoroom.html]
[chromora.in/wp-content/uploads/2026/06/C07D5605-793F-45E8-961A-476D59BF62C0-Photoroom-600x750.html]
[chromora.in/product/ch-floral-neckpiece/index34e5.html]
[chromora.in/product/ch-floral-neckpiece/index142d.html]
[chromora.in/product/frost-veil-neckpiece/feed/index.html]
[chromora.in/indexbd7b.html]
[chromora.in/product/frost-veil-neckpiece/indexdbb5.html]
[chromora.in/product/frost-veil-neckpiece/indexd9df.html]
[chromora.in/product/frost-veil-neckpiece/indexcf6e.html]
[chromora.in/index504f.html]
[chromora.in/product/ch-double-floral-ring/index14f2.html]
[chromora.in/product/ch-double-floral-ring/index442e.html]
[chromora.in/product-category/glasses/indexdfa8.html]
[chromora.in/index17d3.html]
[chromora.in/index1263.html]
[chromora.in/product/ch-chunky-neckpiece/index142d.html]
[chromora.in/index99b7.html]
[chromora.in/product/hanged-neckpiece/indexd9df.html]
[chromora.in/product/hanged-neckpiece/index142d.html]
[chromora.in/product/hanged-neckpiece/index270e.html]
[chromora.in/index9e5e.html]
[chromora.in/product/red-chapel-neckpiece/index032a.html]
[chromora.in/product/red-chapel-neckpiece/index6878.html]
[chromora.in/product/red-chapel-neckpiece/index58aa.html]
[chromora.in/shop/page/5/indexcba7.html]
[chromora.in/shop/page/5/indexb444.html]
[chromora.in/shop/page/5/indexcf46.html]
[chromora.in/shop/page/5/index39d0.html]
[chromora.in/product/vanta-ring/feed/index.html]
[chromora.in/wp-json/oembed/1.0/embed6374.html]
[chromora.in/wp-json/oembed/1.0/embed2e9e.html]
[chromora.in/wp-json/wp/v2/product/1493.html]
[chromora.in/indexd58a.html]
[chromora.in/wp-content/uploads/2026/08/IMG_7823-Photoroom.html]
[chromora.in/wp-content/uploads/2026/08/IMG_7823-Photoroom-600x800.html]
[chromora.in/product/vanta-ring/indexe6b6.html]
[chromora.in/product/bolt-ring/feed/index.html]
[chromora.in/wp-json/oembed/1.0/embededf7.html]
[chromora.in/wp-json/oembed/1.0/embed48e6.html]
[chromora.in/wp-json/wp/v2/product/1492.html]
[chromora.in/index1f6b.html]
[chromora.in/wp-content/uploads/2026/08/IMG_7825-Photoroom.html]
[chromora.in/wp-content/uploads/2026/08/IMG_7825-Photoroom-600x800.html]
[chromora.in/product/bolt-ring/index389a.html]
[chromora.in/product/ch-jeanchain-3/feed/index.html]
[chromora.in/wp-json/oembed/1.0/embed52d7.html]
[chromora.in/wp-json/oembed/1.0/embed99ba.html]
[chromora.in/wp-json/wp/v2/product/1452.html]
[chromora.in/index2ba6.html]
[chromora.in/wp-content/uploads/2026/08/1000527521.html]
[chromora.in/wp-content/uploads/2026/08/1000527521-600x800.html]
[chromora.in/wp-content/uploads/2026/08/1000527520.html]
[chromora.in/wp-content/uploads/2026/08/1000527520-600x800.html]
[chromora.in/product/ch-jeanchain-3/indexcf6e.html]
[chromora.in/product/ch-bandana/feed/index.html]
[chromora.in/wp-json/oembed/1.0/embed317e.html]
[chromora.in/wp-json/oembed/1.0/embed3721.html]
[chromora.in/wp-json/wp/v2/product/1433.html]
[chromora.in/index73f1.html]
[chromora.in/wp-content/uploads/2026/08/photoroom_20260804_193823.html]
[chromora.in/wp-content/uploads/2026/08/photoroom_20260804_193823-600x600.html]
[chromora.in/product/ch-bandana/index10cd.html]
[chromora.in/shop/page/6/indexa6e9.html]
[chromora.in/shop/page/6/index3093.html]
[chromora.in/shop/page/6/index3eb4.html]
[chromora.in/shop/page/6/index58aa.html]
[chromora.in/shop/page/6/indexcf6e.html]
[chromora.in/shop/page/6/index142d.html]
[chromora.in/product/ch-fleur-ring/feed/index.html]
[chromora.in/wp-json/oembed/1.0/embed2150.html]
[chromora.in/wp-json/oembed/1.0/embed0b31.html]
[chromora.in/wp-json/wp/v2/product/1403.html]
[chromora.in/index721c.html]
[chromora.in/wp-content/uploads/2026/07/1000527196.html]
[chromora.in/wp-content/uploads/2026/07/1000527196-600x800.html]
[chromora.in/product/ch-fleur-ring/index1179.html]
[chromora.in/product/ch-fleur-ring/indexd0aa.html]
[chromora.in/product/ch-de-lis-ring/feed/index.html]
[chromora.in/wp-json/oembed/1.0/embeda094.html]
[chromora.in/wp-json/oembed/1.0/embed15eb.html]
[chromora.in/wp-json/wp/v2/product/1401.html]
[chromora.in/index8e8b.html]
[chromora.in/wp-content/uploads/2026/07/1000527197.html]
[chromora.in/wp-content/uploads/2026/07/1000527197-600x800.html]
[chromora.in/product/ch-de-lis-ring/index2af4.html]
[chromora.in/product/ch-splitfluer-ring/feed/index.html]
[chromora.in/wp-json/oembed/1.0/embed4769.html]
[chromora.in/wp-json/oembed/1.0/embed408b.html]
[chromora.in/wp-json/wp/v2/product/1399.html]
[chromora.in/index80a9.html]
[chromora.in/wp-content/uploads/2026/07/1000527198.html]
[chromora.in/wp-content/uploads/2026/07/1000527198-600x800.html]
[chromora.in/product/ch-splitfluer-ring/index442e.html]
[chromora.in/product/ch-splitfluer-ring/index14f2.html]
[chromora.in/product/ch-splitfluer-ring/index8b59.html]
[chromora.in/product/ch-link-ring/feed/index.html]
[chromora.in/wp-json/oembed/1.0/embedc1d3.html]
[chromora.in/wp-json/oembed/1.0/embed1c36.html]
[chromora.in/wp-json/wp/v2/product/1397.html]
[chromora.in/index7e0e.html]
[chromora.in/wp-content/uploads/2026/07/1000527194.html]
[chromora.in/wp-content/uploads/2026/07/1000527194-600x800.html]
[chromora.in/product/ch-link-ring/indexe6b6.html]
[chromora.in/product/ch-link-ring/index1179.html]
[chromora.in/product/ch-distortion-ring/feed/index.html]
[chromora.in/wp-json/oembed/1.0/embed4185.html]
[chromora.in/wp-json/oembed/1.0/embedf111.html]
[chromora.in/wp-json/wp/v2/product/1395.html]
[chromora.in/index33ac.html]
[chromora.in/wp-content/uploads/2026/07/1000527193.html]
[chromora.in/wp-content/uploads/2026/07/1000527193-600x800.html]
[chromora.in/product/ch-distortion-ring/indexd0aa.html]
[chromora.in/product/ch-distortion-ring/index2af4.html]
[chromora.in/product/ch-horseshoe-ring/feed/index.html]
[chromora.in/wp-json/oembed/1.0/embed50c9.html]
[chromora.in/wp-json/oembed/1.0/embed51bc.html]
[chromora.in/wp-json/wp/v2/product/1393.html]
[chromora.in/index1aa7.html]
[chromora.in/wp-content/uploads/2026/07/1000527195.html]
[chromora.in/wp-content/uploads/2026/07/1000527195-600x800.html]
[chromora.in/product/ch-horseshoe-ring/index9949.html]
[chromora.in/product/ch-horseshoe-ring/indexe6b6.html]
[chromora.in/product/ch-double-floral-ring-2/feed/index.html]
[chromora.in/wp-json/oembed/1.0/embed1b3a.html]
[chromora.in/wp-json/oembed/1.0/embedc7ed.html]
[chromora.in/wp-json/wp/v2/product/1391.html]
[chromora.in/indexa448.html]
[chromora.in/wp-content/uploads/2026/07/1000527199.html]
[chromora.in/wp-content/uploads/2026/07/1000527199-600x800.html]
[chromora.in/product/ch-double-floral-ring-2/index8b59.html]
[chromora.in/product/ch-double-floral-ring-2/indexe6b6.html]
[chromora.in/product/vv-iced-neckpiece/feed/index.html]
[chromora.in/wp-json/oembed/1.0/embed0899.html]
[chromora.in/wp-json/oembed/1.0/embede9dc.html]
[chromora.in/wp-json/wp/v2/product/1385.html]
[chromora.in/index26d0.html]
[chromora.in/wp-content/uploads/2026/07/photoroom_20260719_185320.html]
[chromora.in/wp-content/uploads/2026/07/photoroom_20260719_185320-600x800.html]
[chromora.in/wp-content/uploads/2026/07/photoroom_20260719_185351.html]
[chromora.in/wp-content/uploads/2026/07/photoroom_20260719_185351-600x800.html]
[chromora.in/product/vv-iced-neckpiece/indexcf6e.html]
[chromora.in/product/vv-iced-neckpiece/index032a.html]
[chromora.in/product/vv-iced-neckpiece/index34e5.html]
[chromora.in/shop/page/7/index1a5c.html]
[chromora.in/shop/page/7/indexd9df.html]
[chromora.in/shop/page/7/index6878.html]
[chromora.in/shop/page/7/index94a0.html]
[chromora.in/shop/page/7/indexaacb.html]
[chromora.in/shop/page/7/index8f8c.html]
[chromora.in/shop/page/7/indexba77.html]
[chromora.in/product/hellbite-ring/feed/index.html]
[chromora.in/wp-json/oembed/1.0/embed71e2.html]
[chromora.in/wp-json/oembed/1.0/embed33bd.html]
[chromora.in/wp-json/wp/v2/product/437.html]
[chromora.in/index14c7.html]
[chromora.in/wp-content/uploads/2026/05/img_4693.html]
[chromora.in/wp-content/uploads/2026/05/img_4693-600x659.html]
[chromora.in/product/hellbite-ring/indexb70b.html]
[chromora.in/product/hellbite-ring/index9949.html]
[chromora.in/product/hellbite-ring/index14f2.html]
[chromora.in/shop/page/9/indexe6b6.html]
[chromora.in/shop/page/9/index9949.html]
[chromora.in/shop/page/9/indexb70b.html]
[chromora.in/shop/page/9/index1179.html]
[chromora.in/shop/page/9/index42d1.html]
[chromora.in/shop/page/8/indexf22d.html]
[chromora.in/shop/page/8/index422e.html]
[chromora.in/shop/page/8/indexd0aa.html]
[chromora.in/shop/page/8/index2af4.html]
[chromora.in/shop/page/8/index389a.html]
[chromora.in/shop/page/8/index14f2.html]
[chromora.in/product/heartened-ring/feed/index.html]
[chromora.in/wp-json/oembed/1.0/embeddd18.html]
[chromora.in/wp-json/oembed/1.0/embedc2cf.html]
[chromora.in/wp-json/wp/v2/product/543.html]
[chromora.in/indexc182.html]
[chromora.in/wp-content/uploads/2026/05/Screenshot-2026-05-17-at-4.53.55-PM.html]
[chromora.in/wp-content/uploads/2026/05/Screenshot-2026-05-17-at-4.53.55-PM-600x588.html]
[chromora.in/product/heartened-ring/indexe6b6.html]
[chromora.in/product/painloop-ring/feed/index.html]
[chromora.in/wp-json/oembed/1.0/embed8270.html]
[chromora.in/wp-json/oembed/1.0/embed8821.html]
[chromora.in/wp-json/wp/v2/product/520.html]
[chromora.in/indexc37e.html]
[chromora.in/wp-content/uploads/2026/05/Screenshot-2026-05-17-at-4.33.23-PM.html]
[chromora.in/wp-content/uploads/2026/05/Screenshot-2026-05-17-at-4.33.23-PM-600x591.html]
[chromora.in/product/painloop-ring/index389a.html]
[chromora.in/product/painloop-ring/index2af4.html]
[chromora.in/product/painloop-ring/indexb70b.html]
[chromora.in/product/lionabyss-ring/feed/index.html]
[chromora.in/wp-json/oembed/1.0/embed4bfa.html]
[chromora.in/wp-json/oembed/1.0/embed4d8e.html]
[chromora.in/wp-json/wp/v2/product/535.html]
[chromora.in/index5ff4.html]
[chromora.in/wp-content/uploads/2026/05/Screenshot-2026-05-17-at-4.48.38-PM.html]
[chromora.in/wp-content/uploads/2026/05/Screenshot-2026-05-17-at-4.48.38-PM-600x604.html]
[chromora.in/product/lionabyss-ring/indexe6b6.html]
[chromora.in/product/lionabyss-ring/indexb70b.html]
[chromora.in/product/lionabyss-ring/index42d1.html]
[chromora.in/product/off-white-ring/feed/index.html]
[chromora.in/wp-json/oembed/1.0/embedccfe.html]
[chromora.in/wp-json/oembed/1.0/embede4db.html]
[chromora.in/wp-json/wp/v2/product/549.html]
[chromora.in/indexbcc1.html]
[chromora.in/wp-content/uploads/2026/05/Screenshot-2026-05-17-at-4.58.04-PM.html]
[chromora.in/wp-content/uploads/2026/05/Screenshot-2026-05-17-at-4.58.04-PM-600x591.html]
[chromora.in/product/off-white-ring/index442e.html]
[chromora.in/product/off-white-ring/indexb70b.html]
[chromora.in/product/off-white-ring/indexe6b6.html]
[chromora.in/product/zerothform-ring/feed/index.html]
[chromora.in/wp-json/oembed/1.0/embed9750.html]
[chromora.in/wp-json/oembed/1.0/embed08ff.html]
[chromora.in/wp-json/wp/v2/product/527.html]
[chromora.in/index9a9b.html]
[chromora.in/wp-content/uploads/2026/05/Screenshot-2026-05-17-at-4.42.19-PM.html]
[chromora.in/wp-content/uploads/2026/05/Screenshot-2026-05-17-at-4.42.19-PM-600x583.html]
[chromora.in/product/zerothform-ring/indexe6b6.html]
[chromora.in/product/zerothform-ring/index14f2.html]
[chromora.in/product/splitmoon-ring/feed/index.html]
[chromora.in/wp-json/oembed/1.0/embedf8ec.html]
[chromora.in/wp-json/oembed/1.0/embedfa3d.html]
[chromora.in/wp-json/wp/v2/product/537.html]
[chromora.in/indexfbc0.html]
[chromora.in/wp-content/uploads/2026/05/Screenshot-2026-05-17-at-4.49.45-PM.html]
[chromora.in/wp-content/uploads/2026/05/Screenshot-2026-05-17-at-4.49.45-PM-600x588.html]
[chromora.in/product/splitmoon-ring/index2af4.html]
[chromora.in/product/splitmoon-ring/index1179.html]
[chromora.in/product/splitmoon-ring/indexb70b.html]
[chromora.in/product/the-goth-ring/feed/index.html]
[chromora.in/wp-json/oembed/1.0/embedfbd6.html]
[chromora.in/wp-json/oembed/1.0/embed4258.html]
[chromora.in/wp-json/wp/v2/product/553.html]
[chromora.in/indexa7b7.html]
[chromora.in/wp-content/uploads/2026/05/Screenshot-2026-05-17-at-5.01.57-PM.html]
[chromora.in/wp-content/uploads/2026/05/Screenshot-2026-05-17-at-5.01.57-PM-600x584.html]
[chromora.in/product/the-goth-ring/index8b59.html]
[chromora.in/product/the-goth-ring/index442e.html]
[chromora.in/product/wraithgrip-ring/feed/index.html]
[chromora.in/wp-json/oembed/1.0/embed8d22.html]
[chromora.in/wp-json/oembed/1.0/embed82aa.html]
[chromora.in/wp-json/wp/v2/product/551.html]
[chromora.in/index46de.html]
[chromora.in/wp-content/uploads/2026/05/Screenshot-2026-05-17-at-5.00.25-PM.html]
[chromora.in/wp-content/uploads/2026/05/Screenshot-2026-05-17-at-5.00.25-PM-600x597.html]
[chromora.in/product/wraithgrip-ring/index389a.html]
[chromora.in/product/wraithgrip-ring/indexe6b6.html]
[chromora.in/product/starcore-ring/feed/index.html]
[chromora.in/wp-json/oembed/1.0/embededcb.html]
[chromora.in/wp-json/oembed/1.0/embed3f01.html]
[chromora.in/wp-json/wp/v2/product/539.html]
[chromora.in/indexfded.html]
[chromora.in/wp-content/uploads/2026/05/Screenshot-2026-05-17-at-4.50.52-PM.html]
[chromora.in/wp-content/uploads/2026/05/Screenshot-2026-05-17-at-4.50.52-PM-600x602.html]
[chromora.in/product/starcore-ring/index9949.html]
[chromora.in/product/totem-cross-ring-2/feed/index.html]
[chromora.in/wp-json/oembed/1.0/embed961f.html]
[chromora.in/wp-json/oembed/1.0/embedb5f8.html]
[chromora.in/wp-json/wp/v2/product/582.html]
[chromora.in/index01e4.html]
[chromora.in/wp-content/uploads/2026/05/photoroom_20260517_172739.html]
[chromora.in/wp-content/uploads/2026/05/photoroom_20260517_172739-600x800.html]
[chromora.in/product/totem-cross-ring-2/index42d1.html]
[chromora.in/product/totem-cross-ring-2/index1179.html]
[chromora.in/product/totem-cross-ring-2/index442e.html]
[chromora.in/product/y2kfly-ring/feed/index.html]
[chromora.in/wp-json/oembed/1.0/embed50ed.html]
[chromora.in/wp-json/oembed/1.0/embed3ac1.html]
[chromora.in/wp-json/wp/v2/product/580.html]
[chromora.in/index5b8d.html]
[chromora.in/wp-content/uploads/2026/05/photoroom_20260517_172759.html]
[chromora.in/wp-content/uploads/2026/05/photoroom_20260517_172759-600x800.html]
[chromora.in/product/y2kfly-ring/index442e.html]
[chromora.in/product/archangel-ring/feed/index.html]
[chromora.in/wp-json/oembed/1.0/embed854d.html]
[chromora.in/wp-json/oembed/1.0/embed9184.html]
[chromora.in/wp-json/wp/v2/product/576.html]
[chromora.in/indexaa4f.html]
[chromora.in/wp-content/uploads/2026/05/Screenshot-2026-05-17-at-5.21.46-PM.html]
[chromora.in/product/archangel-ring/index42d1.html]
[chromora.in/product/archangel-ring/index1179.html]
[chromora.in/product/archangel-ring/index14f2.html]
[chromora.in/product/kings-print-ring/feed/index.html]
[chromora.in/wp-json/oembed/1.0/embed2b83.html]
[chromora.in/wp-json/oembed/1.0/embed9d24.html]
[chromora.in/wp-json/wp/v2/product/573.html]
[chromora.in/indexa1e2.html]
[chromora.in/wp-content/uploads/2026/05/1000526783.html]
[chromora.in/wp-content/uploads/2026/05/1000526783-600x750.html]
[chromora.in/product/kings-print-ring/index442e.html]
[chromora.in/product/kings-print-ring/indexd0aa.html]
[chromora.in/product/skell-red-ring/feed/index.html]
[chromora.in/wp-json/oembed/1.0/embed975a.html]
[chromora.in/wp-json/oembed/1.0/embede5ea.html]
[chromora.in/wp-json/wp/v2/product/571.html]
[chromora.in/index62bf.html]
[chromora.in/wp-content/uploads/2026/05/1000526784.html]
[chromora.in/wp-content/uploads/2026/05/1000526784-600x750.html]
[chromora.in/product/skell-red-ring/indexe6b6.html]
[chromora.in/product/skell-red-ring/index42d1.html]
[chromora.in/product/totem-cross-ring/feed/index.html]
[chromora.in/wp-json/oembed/1.0/embedf845.html]
[chromora.in/wp-json/oembed/1.0/embed4773.html]
[chromora.in/wp-json/wp/v2/product/569.html]
[chromora.in/index475a.html]
[chromora.in/wp-content/uploads/2026/05/photoroom_20260517_171514.html]
[chromora.in/wp-content/uploads/2026/05/photoroom_20260517_171514-600x800.html]
[chromora.in/product/totem-cross-ring/indexb70b.html]
[chromora.in/product/totem-cross-ring/indexe6b6.html]
[chromora.in/product/vanta-sigil-ring/feed/index.html]
[chromora.in/wp-json/oembed/1.0/embedacf5.html]
[chromora.in/wp-json/oembed/1.0/embed390a.html]
[chromora.in/wp-json/wp/v2/product/567.html]
[chromora.in/index246f.html]
[chromora.in/wp-content/uploads/2026/05/photoroom_20260517_171159.html]
[chromora.in/wp-content/uploads/2026/05/photoroom_20260517_171159-600x800.html]
[chromora.in/product/vanta-sigil-ring/index9949.html]
[chromora.in/product/vanta-sigil-ring/index1179.html]
[chromora.in/product/vanta-sigil-ring/indexe6b6.html]
[chromora.in/product/raven-skull-ring/feed/index.html]
[chromora.in/wp-json/oembed/1.0/embedde42.html]
[chromora.in/wp-json/oembed/1.0/embedb4fe.html]
[chromora.in/wp-json/wp/v2/product/564.html]
[chromora.in/index04f2.html]
[chromora.in/wp-content/uploads/2026/05/1000526785.html]
[chromora.in/wp-content/uploads/2026/05/1000526785-600x750.html]
[chromora.in/product/raven-skull-ring/index389a.html]
[chromora.in/product/doom-ring/feed/index.html]
[chromora.in/wp-json/oembed/1.0/embedf0c5.html]
[chromora.in/wp-json/oembed/1.0/embede295.html]
[chromora.in/wp-json/wp/v2/product/561.html]
[chromora.in/index4e57.html]
[chromora.in/wp-content/uploads/2026/05/1000526786.html]
[chromora.in/wp-content/uploads/2026/05/1000526786-600x750.html]
[chromora.in/product/doom-ring/index42d1.html]
[chromora.in/product/doom-ring/index442e.html]
[chromora.in/product/vengeancebatman-ring/feed/index.html]
[chromora.in/wp-json/oembed/1.0/embed1af8.html]
[chromora.in/wp-json/oembed/1.0/embed87ef.html]
[chromora.in/wp-json/wp/v2/product/558.html]
[chromora.in/index193e.html]
[chromora.in/wp-content/uploads/2026/05/Screenshot-2026-05-17-at-5.05.27-PM.html]
[chromora.in/wp-content/uploads/2026/05/Screenshot-2026-05-17-at-5.05.27-PM-600x570.html]
[chromora.in/product/vengeancebatman-ring/index9949.html]
[chromora.in/product/bling-ring/feed/index.html]
[chromora.in/wp-json/oembed/1.0/embeda8f5.html]
[chromora.in/wp-json/oembed/1.0/embedec6a.html]
[chromora.in/wp-json/wp/v2/product/556.html]
[chromora.in/indexa215.html]
[chromora.in/wp-content/uploads/2026/05/Screenshot-2026-05-17-at-5.04.02-PM.html]
[chromora.in/wp-content/uploads/2026/05/Screenshot-2026-05-17-at-5.04.02-PM-600x596.html]
[chromora.in/product/bling-ring/indexd0aa.html]
[chromora.in/product/cuban-ring/feed/index.html]
[chromora.in/wp-json/oembed/1.0/embed4545.html]
[chromora.in/wp-json/oembed/1.0/embedfe2b.html]
[chromora.in/wp-json/wp/v2/product/547.html]
[chromora.in/index7cc7.html]
[chromora.in/wp-content/uploads/2026/05/Screenshot-2026-05-17-at-4.56.42-PM.html]
[chromora.in/wp-content/uploads/2026/05/Screenshot-2026-05-17-at-4.56.42-PM-600x571.html]
[chromora.in/product/cuban-ring/index8b59.html]
[chromora.in/product/cuban-ring/index442e.html]
[chromora.in/product/fck-ring/feed/index.html]
[chromora.in/wp-json/oembed/1.0/embed6737.html]
[chromora.in/wp-json/oembed/1.0/embedd729.html]
[chromora.in/wp-json/wp/v2/product/533.html]
[chromora.in/index7414.html]
[chromora.in/wp-content/uploads/2026/05/Screenshot-2026-05-17-at-4.46.08-PM.html]
[chromora.in/wp-content/uploads/2026/05/Screenshot-2026-05-17-at-4.46.08-PM-600x586.html]
[chromora.in/product/fck-ring/indexd0aa.html]
[chromora.in/product/fck-ring/index9949.html]
[chromora.in/product/ch-horseshoe-neckpiece/feed/index.html]
[chromora.in/wp-json/oembed/1.0/embed5091.html]
[chromora.in/wp-json/oembed/1.0/embed57ff.html]
[chromora.in/wp-json/wp/v2/product/1104.html]
[chromora.in/index994c.html]
[chromora.in/wp-content/uploads/2026/05/IMG_1516-scaled.html]
[chromora.in/wp-content/uploads/2026/05/IMG_1516-600x800.html]
[chromora.in/wp-content/uploads/2026/05/919138AE-1A78-4EDB-AC43-5AC682628E56.html]
[chromora.in/wp-content/uploads/2026/05/919138AE-1A78-4EDB-AC43-5AC682628E56-600x798.html]
[chromora.in/product/ch-horseshoe-neckpiece/index6878.html]
[chromora.in/product/ch-horseshoe-neckpiece/index58aa.html]
[chromora.in/product/chunkyfloral-neckpiece/feed/index.html]
[chromora.in/wp-json/oembed/1.0/embed6948.html]
[chromora.in/wp-json/oembed/1.0/embed9cd4.html]
[chromora.in/wp-json/wp/v2/product/1103.html]
[chromora.in/index70ff.html]
[chromora.in/wp-content/uploads/2026/05/IMG_5236-scaled.html]
[chromora.in/wp-content/uploads/2026/05/IMG_5236-600x800.html]
[chromora.in/product/chunkyfloral-neckpiece/index032a.html]
[chromora.in/product/chunkyfloral-neckpiece/index58aa.html]
[chromora.in/product/chunkyfloral-neckpiece/index8c63.html]
[chromora.in/product-category/chains/neckchains/page/2/indexcf6e.html]
[chromora.in/product-category/chains/neckchains/page/2/index142d.html]
[chromora.in/product-category/chains/neckchains/page/2/index1a5c.html]
[chromora.in/product-category/chains/neckchains/page/2/indexd9df.html]
[chromora.in/product-category/chains/neckchains/page/2/index6878.html]
[chromora.in/product-category/chains/neckchains/page/2/indexaacb.html]
[chromora.in/product-category/chains/neckchains/page/2/index34e5.html]
[chromora.in/product-category/chains/neckchains/page/1/index.html]
[chromora.in/product-category/tie/feed/index.html]
[chromora.in/wp-json/wp/v2/product_cat/28.html]
[chromora.in/wp-json/oembed/1.0/embed1cc2]
[chromora.in/product/frost-veil-neckpiece/indexaacb.html]
[chromora.in/product/frost-veil-neckpiece/index6878.html]
[chromora.in/product/frost-veil-neckpiece/index10cd.html]
[chromora.in/product/ch-double-floral-ring/index42d1.html]
[chromora.in/product/ch-double-floral-ring/indexd0aa.html]
[chromora.in/product/hanged-neckpiece/indexa6e9.html]
[chromora.in/product/hanged-neckpiece/index6878.html]
[chromora.in/product/hanged-neckpiece/index8c63.html]
[chromora.in/product/hanged-neckpiece/indexaacb.html]
[chromora.in/product/hanged-neckpiece/indexcf6e.html]
[chromora.in/product/hanged-neckpiece/index4610.html]
[chromora.in/product/hanged-neckpiece/index34e5.html]
[chromora.in/product/red-chapel-neckpiece/index86f4.html]
[chromora.in/product/red-chapel-neckpiece/indexcf6e.html]
[chromora.in/product/red-chapel-neckpiece/indexa6e9.html]
[chromora.in/product/red-chapel-neckpiece/indexaacb.html]
[chromora.in/product/red-chapel-neckpiece/index1a5c.html]
